Hour,Ontario Demand
1,14960
2,14476
3,13979
4,13670
5,13567
6,13787
7,13944
8,14244
9,14363
10,14846
11,15331
12,15637
13,15840
14,15977
15,16030
16,16139
17,16682
18,18002
19,17664
20,17337
21,16961
22,16317
23,15504
24,14682
1,14037
2,13548
3,13410
4,13344
5,13420
6,13825
7,14718
8,15747
9,16090
10,16321
11,16037
12,16045
13,15998
14,15932
15,16097
16,16436
17,17361
18,18821
19,18657
20,18453
21,18230
22,17760
23,16977
24,15799
1,14999
2,14369
3,13972
4,13721
5,13664
6,13869
7,14473
8,15202
9,15787
10,16268
11,17070
12,17428
13,17652
14,17483
15,17428
16,17540
17,18380
18,19538
19,19234
20,18580
21,17992
22,17343
23,16536
24,15628
1,14600
2,13964
3,13577
4,13364
5,13392
6,13545
7,13968
8,14563
9,15057
10,15374
11,15940
12,16277
13,16578
14,16469
15,16648
16,16737
17,17757
18,18691
19,18499
20,18110
21,17695
22,17251
23,16313
24,15317
1,14711
2,14434
3,14346
4,14501
5,14839
6,15607
7,17025
8,18591
9,18713
10,18640
11,18552
12,18580
13,18431
14,18485
15,18343
16,18794
17,19897
18,20938
19,20999
20,20790
21,20427
22,19836
23,18886
24,17619
1,16541
2,16058
3,15873
4,15898
5,16036
6,16591
7,18078
8,19529
9,19692
10,19539
11,19382
12,19207
13,19035
14,18966
15,19067
16,19134
17,19581
18,20593
19,20461
20,20374
21,20046
22,19602
23,18456
24,17159
1,16266
2,15851
3,15697
4,15844
5,15856
6,16363
7,17890
8,19494
9,19774
10,19473
11,19543
12,19385
13,19198
14,19170
15,19265
16,19508
17,20342
18,21814
19,21595
20,21544
21,21274
22,20668
23,19414
24,18283
1,17224
2,16657
3,16479
4,16404
5,16532
6,17131
7,18483
8,20042
9,20277
10,20158
11,20176
12,20193
13,19856
14,19624
15,19409
16,19718
17,20335
18,20999
19,20792
20,20765
21,20578
22,20024
23,18809
24,17492
1,16615
2,16129
3,15818
4,15639
5,15850
6,16250
7,17448
8,19067
9,19110
10,18917
11,18543
12,18429
13,18499
14,18419
15,18398
16,18543
17,19116
18,20386
19,20623
20,20165
21,19816
22,19213
23,18208
24,17132
1,16474
2,15843
3,15571
4,15517
5,15617
6,15803
7,16289
8,17166
9,17669
10,17915
11,17874
12,17802
13,17795
14,17588
15,17595
16,17981
17,18738
18,20131
19,20005
20,19396
21,18987
22,18321
23,17456
24,16499
1,16043
2,15466
3,15177
4,15002
5,15046
6,15157
7,15431
8,15907
9,16582
10,17204
11,17450
12,17349
13,17183
14,17106
15,17065
16,17542
17,18229
18,19657
19,19378
20,18733
21,18437
22,17786
23,16907
24,15767
1,15088
2,14754
3,14561
4,14599
5,14959
6,15570
7,16867
8,18583
9,18711
10,18651
11,18777
12,18840
13,18768
14,18566
15,18559
16,18523
17,19109
18,20168
19,20306
20,20246
21,20026
22,19386
23,18507
24,17497
1,16806
2,16498
3,16321
4,16442
5,16539
6,17167
7,18512
8,20220
9,20256
10,20108
11,19795
12,19818
13,19306
14,19310
15,19177
16,19238
17,19916
18,20810
19,21028
20,20961
21,20704
22,19998
23,18955
24,17894
1,17263
2,16816
3,16702
4,16635
5,16815
6,17411
7,18918
8,20302
9,20289
10,19893
11,19572
12,19226
13,19063
14,18875
15,18632
16,18837
17,19595
18,20565
19,20784
20,20682
21,20482
22,19905
23,18699
24,17598
1,16688
2,16162
3,16128
4,16074
5,16121
6,16748
7,18078
8,19388
9,19446
10,19272
11,19183
12,19036
13,18840
14,18643
15,18593
16,18711
17,19506
18,20586
19,20550
20,20456
21,20213
22,19380
23,18125
24,16824
1,15957
2,15456
3,15126
4,15106
5,15180
6,15834
7,17152
8,18755
9,19027
10,18651
11,18346
12,18113
13,17961
14,17799
15,17767
16,18031
17,18957
18,20152
19,20483
20,20317
21,20113
22,19564
23,18484
24,17314
1,16572
2,15991
3,15775
4,15635
5,15606
6,15830
7,16469
8,17129
9,17613
10,18128
11,18420
12,18470
13,18352
14,17984
15,17808
16,17791
17,18257
18,19369
19,19349
20,18700
21,18065
22,17473
23,16682
24,15699
1,14880
2,14278
3,13908
4,13700
5,13699
6,13864
7,14215
8,14806
9,15566
10,16194
11,16477
12,16560
13,16740
14,16808
15,16870
16,17038
17,17849
18,18820
19,18929
20,18537
21,18137
22,17456
23,16430
24,15480
1,14712
2,14376
3,14185
4,14210
5,14454
6,15115
7,16452
8,18093
9,18395
10,18490
11,18533
12,18576
13,18113
14,18073
15,18117
16,18295
17,19019
18,20182
19,20372
20,20150
21,19851
22,19218
23,18076
24,16950
1,16200
2,15703
3,15550
4,15618
5,15766
6,16495
7,17922
8,19534
9,19511
10,19043
11,18741
12,18534
13,18312
14,17961
15,17813
16,18145
17,19216
18,20427
19,20664
20,20536
21,20389
22,19695
23,18458
24,17331
1,16554
2,16158
3,15952
4,16029
5,16326
6,16933
7,18137
8,19703
9,19546
10,19230
11,18919
12,18645
13,18556
14,18475
15,18650
16,18879
17,19761
18,20697
19,20687
20,20437
21,20386
22,19507
23,18243
24,17069
1,16264
2,15726
3,15586
4,15506
5,15743
6,16424
7,17871
8,19277
9,19187
10,18649
11,18293
12,17780
13,17350
14,17440
15,17420
16,17838
17,18686
18,19821
19,20082
20,20071
21,19625
22,18700
23,17548
24,16233
1,15563
2,15039
3,14803
4,14752
5,14918
6,15496
7,16718
8,18062
9,18137
10,18027
11,17817
12,17591
13,17326
14,17178
15,17147
16,17379
17,17858
18,19017
19,19292
20,19184
21,18638
22,17941
23,17082
24,16125
1,15188
2,14569
3,14337
4,14281
5,14290
6,14498
7,14962
8,15732
9,16475
10,17050
11,17443
12,17588
13,17623
14,17355
15,17258
16,17181
17,17676
18,18528
19,18457
20,17947
21,17395
22,16781
23,16052
24,15189
1,14611
2,14231
3,14014
4,13958
5,14065
6,14538
7,14824
8,15586
9,15882
10,16237
11,16275
12,16211
13,16212
14,15847
15,15740
16,16272
17,17664
18,19332
19,19542
20,19328
21,19031
22,18301
23,17405
24,16470
1,15836
2,15562
3,15466
4,15560
5,15839
6,16481
7,17787
8,19470
9,19488
10,19007
11,18736
12,18623
13,18540
14,18601
15,18491
16,18857
17,19554
18,20556
19,20679
20,20505
21,20286
22,19648
23,18547
24,17415
1,16545
2,16117
3,15860
4,15881
5,15944
6,16683
7,18055
8,19670
9,19718
10,19298
11,18938
12,18592
13,18175
14,17943
15,17994
16,18166
17,19192
18,20404
19,20803
20,20605
21,20279
22,19498
23,18393
24,17266
1,16512
2,16096
3,15974
4,16034
5,16232
6,16912
7,18202
8,19676
9,19431
10,18661
11,18322
12,17995
13,17769
14,17624
15,17492
16,17746
17,18912
18,19986
19,20490
20,20276
21,19996
22,19068
23,17690
24,16680
1,16000
2,15543
3,15213
4,15198
5,15345
6,16013
7,17361
8,18739
9,18772
10,18786
11,18957
12,19245
13,19164
14,19372
15,19313
16,19198
17,19441
18,20010
19,20239
20,20009
21,19560
22,18879
23,17653
24,16511
1,15660
2,15349
3,15144
4,14821
5,15047
6,15616
7,17117
8,18404
9,18907
10,18950
11,18980
12,18701
13,18426
14,18167
15,18087
16,18262
17,18879
18,19959
19,20656
20,20538
21,20310
22,19900
23,18955
24,17622
1,16775
2,16248
3,16081
4,15950
5,15867
6,15995
7,16550
8,17390
9,17938
10,18306
11,18352
12,18175
13,17852
14,17521
15,17455
16,17601
17,18231
18,19307
19,19359
20,18924
21,18593
22,17953
23,17181
24,16251
1,15588
2,15106
3,14745
4,14588
5,14622
6,14957
7,15247
8,15803
9,16476
10,17221
11,17541
12,17749
13,17872
14,17840
15,17901
16,18130
17,18823
18,20019
19,20358
20,19790
21,19348
22,18810
23,17932
24,17048
1,16415
2,16187
3,15860
4,15938
5,16112
6,16693
7,18087
8,19157
9,19494
10,19796
11,19886
12,19785
13,19563
14,19309
15,19132
16,19038
17,19456
18,20355
19,20857
20,20603
21,20585
22,19873
23,18945
24,17524
1,16703
2,16355
3,16235
4,16165
5,16297
6,17014
7,18389
8,19772
9,19786
10,19321
11,19387
12,19075
13,18733
14,18281
15,18538
16,18785
17,19471
18,20495
19,20738
20,20363
21,20209
22,19556
23,18342
24,16927
1,16336
2,15744
3,15631
4,15563
5,15670
6,16131
7,17268
8,18733
9,18893
10,18992
11,18989
12,18829
13,19014
14,18721
15,18776
16,18939
17,19373
18,20221
19,20468
20,20385
21,20036
22,19175
23,17835
24,16753
1,15979
2,15728
3,15552
4,15693
5,15834
6,16594
7,17997
8,19477
9,19492
10,19178
11,19091
12,19080
13,18733
14,18656
15,18439
16,18661
17,19106
18,20106
19,20542
20,20441
21,20225
22,19454
23,18121
24,17197
1,16429
2,16028
3,15822
4,15785
5,15908
6,16532
7,17756
8,19352
9,19413
10,19242
11,19037
12,18845
13,18548
14,18403
15,18159
16,18315
17,18840
18,19464
19,20093
20,19832
21,19517
22,18697
23,17657
24,16511
1,15617
2,15141
3,14977
4,14885
5,14933
6,15044
7,15769
8,16440
9,17094
10,17624
11,18170
12,18265
13,18045
14,17797
15,17686
16,17627
17,17997
18,18868
19,19201
20,18805
21,18460
22,17761
23,16972
24,16142
1,15410
2,14841
3,14680
4,14596
5,14688
6,14923
7,15316
8,15934
9,16591
10,17430
11,17938
12,18417
13,18367
14,18431
15,18403
16,18423
17,18982
18,19928
19,20227
20,19770
21,19210
22,18624
23,17859
24,16871
1,16125
2,15747
3,15559
4,15627
5,15807
6,16426
7,17921
8,19396
9,19641
10,19726
11,19825
12,19754
13,19498
14,19361
15,19361
16,19346
17,19814
18,20524
19,20899
20,20793
21,20483
22,19658
23,18526
24,17335
1,16614
2,16262
3,15895
4,15808
5,15937
6,16675
7,17888
8,19364
9,19363
10,19126
11,18885
12,18495
13,18147
14,17933
15,17708
16,17834
17,18556
18,19697
19,20501
20,20501
21,20000
22,19335
23,17970
24,16859
1,16233
2,15769
3,15552
4,15614
5,15688
6,16363
7,17676
8,19064
9,18961
10,18823
11,18737
12,18732
13,18660
14,18734
15,18697
16,18897
17,19422
18,20250
19,20568
20,20628
21,19776
22,19162
23,18025
24,16919
1,16049
2,15614
3,15349
4,15357
5,15506
6,16177
7,17554
8,18780
9,18818
10,18743
11,18688
12,18677
13,18442
14,18412
15,18400
16,18726
17,19462
18,20340
19,21018
20,20896
21,20804
22,20262
23,19179
24,17950
1,17340
2,17084
3,16838
4,16762
5,17058
6,17581
7,18941
8,20316
9,20364
10,20095
11,19799
12,19645
13,19189
14,18894
15,18817
16,18715
17,19177
18,20127
19,20674
20,20381
21,20132
22,19498
23,18488
24,17349
1,16488
2,16094
3,15750
4,15539
5,15559
6,15761
7,16292
8,16981
9,17697
10,17914
11,18109
12,17951
13,17654
14,17489
15,17345
16,17479
17,18179
18,19131
19,19879
20,19821
21,19384
22,18949
23,18178
24,17455
1,16809
2,16409
3,16241
4,16321
5,16418
6,16659
7,17112
8,17695
9,18100
10,18491
11,18366
12,18530
13,18515
14,18272
15,17961
16,18335
17,18925
18,20000
19,20866
20,20481
21,20167
22,19778
23,19085
24,18203
1,17465
2,17299
3,17112
4,17031
5,17097
6,17461
7,17874
8,18083
9,18401
10,18702
11,18737
12,18705
13,18408
14,18133
15,17968
16,18096
17,18851
18,19831
19,20663
20,20524
21,20188
22,19561
23,18591
24,17627
1,16947
2,16637
3,16600
4,16650
5,16804
6,17356
7,18722
8,20002
9,20168
10,19894
11,19608
12,19155
13,18761
14,18607
15,18738
16,18902
17,19458
18,20200
19,20880
20,20819
21,20486
22,20022
23,18900
24,17930
1,17109
2,16615
3,16579
4,16656
5,16806
6,17342
7,18481
8,19720
9,19810
10,19591
11,19286
12,19027
13,18809
14,18864
15,18762
16,18991
17,19651
18,20399
19,20728
20,20713
21,20702
22,19876
23,18734
24,17648
1,17074
2,16751
3,16826
4,16684
5,16890
6,17409
7,18750
8,20033
9,20062
10,19730
11,19574
12,19315
13,19157
14,18983
15,19016
16,19239
17,19722
18,20404
19,21275
20,21494
21,21127
22,20801
23,19667
24,18648
1,17958
2,17558
3,17511
4,17407
5,17618
6,18402
7,19702
8,20807
9,20587
10,20118
11,20011
12,19634
13,19287
14,19164
15,18913
16,18988
17,19535
18,20261
19,20947
20,20766
21,20617
22,20066
23,19149
24,18069
1,17153
2,16607
3,16407
4,16246
5,16180
6,16383
7,17012
8,17688
9,18332
10,18893
11,19196
12,19188
13,18890
14,18558
15,18339
16,18426
17,18673
18,19201
19,19912
20,19624
21,19103
22,18591
23,17966
24,17046
1,16373
2,15925
3,15670
4,15525
5,15465
6,15606
7,16054
8,16457
9,17116
10,17513
11,17683
12,17578
13,17450
14,17364
15,17193
16,17577
17,18182
18,19226
19,19978
20,19922
21,19605
22,18931
23,17806
24,16904
1,16534
2,16400
3,16339
4,16399
5,16623
6,17268
7,18639
8,20001
9,20180
10,19798
11,19903
12,19611
13,19267
14,19251
15,19250
16,19358
17,19730
18,20515
19,21272
20,21107
21,20856
22,20316
23,19200
24,18223
1,17447
2,17003
3,16784
4,16816
5,16747
6,17411
7,18628
8,19947
9,20116
10,19857
11,19793
12,19624
13,19258
14,19422
15,19415
16,19354
17,19738
18,20488
19,21078
20,21127
21,20747
22,19890
23,18693
24,17439
1,16863
2,16457
3,16287
4,16170
5,16285
6,16955
7,18189
8,19447
9,19393
10,19007
11,18733
12,18527
13,18457
14,18436
15,18404
16,18487
17,18978
18,19954
19,20762
20,20932
21,20887
22,20162
23,19126
24,17974
1,17104
2,16745
3,16550
4,16503
5,16693
6,17451
7,18982
8,20289
9,20062
10,19648
11,19488
12,19346
13,19064
14,18850
15,18670
16,18770
17,19311
18,20054
19,20903
20,20984
21,20849
22,20300
23,19330
24,18270
1,17392
2,16882
3,16733
4,16794
5,17022
6,17603
7,18990
8,20162
9,19888
10,19192
11,18920
12,18647
13,18398
14,18184
15,18049
16,18079
17,18614
18,19395
19,20281
20,20529
21,20208
22,19656
23,18529
24,17429
1,16551
2,16439
3,16153
4,16071
5,16141
6,16504
7,16971
8,17471
9,17672
10,17567
11,17457
12,17318
13,17056
14,16528
15,16324
16,16465
17,17169
18,18163
19,19160
20,19154
21,18829
22,18315
23,17536
24,16708
1,16105
2,15610
3,15247
4,15169
5,15233
6,15341
7,15747
8,16091
9,16725
10,16773
11,16780
12,16764
13,16672
14,16642
15,16791
16,17130
17,17666
18,18416
19,19245
20,19341
21,18882
22,18203
23,17182
24,16244
1,15644
2,15358
3,15009
4,15005
5,15238
6,15720
7,17065
8,18297
9,18415
10,17873
11,17587
12,17631
13,17425
14,17296
15,17383
16,17314
17,17939
18,18973
19,19904
20,20198
21,19812
22,19100
23,17895
24,16676
1,16103
2,15850
3,15601
4,15563
5,15813
6,16514
7,17908
8,18811
9,18818
10,18785
11,18811
12,18900
13,19075
14,19279
15,19136
16,19328
17,19780
18,19921
19,20035
20,19740
21,19126
22,18304
23,17205
24,15907
1,15274
2,14942
3,14696
4,14574
5,14864
6,15483
7,16867
8,17942
9,18053
10,17833
11,17539
12,17573
13,17501
14,17371
15,17442
16,17662
17,18262
18,18841
19,19727
20,19914
21,19527
22,18936
23,17927
24,16871
1,16260
2,15845
3,15851
4,15840
5,16085
6,16765
7,18124
8,19272
9,19158
10,18864
11,18404
12,18092
13,17917
14,17536
15,17380
16,17655
17,18177
18,19201
19,20433
20,20827
21,20595
22,19945
23,18836
24,17554
1,16929
2,16537
3,16412
4,16341
5,16622
6,17395
7,18784
8,19414
9,18885
10,18316
11,17805
12,17726
13,17563
14,17264
15,17394
16,17480
17,18126
18,18988
19,19801
20,20013
21,19614
22,18960
23,17955
24,16842
1,15926
2,15376
3,15009
4,15041
5,15102
6,15326
7,15884
8,16247
9,16851
10,16981
11,16888
12,16678
13,16513
14,16417
15,16354
16,16523
17,16961
18,17756
19,18409
20,18324
21,17847
22,17423
23,16637
24,15700
1,14885
2,14280
3,14452
4,14249
5,14225
6,14495
7,15023
8,15444
9,15859
10,15753
11,15663
12,15657
13,15452
14,15270
15,15202
16,15533
17,16071
18,16634
19,17554
20,17791
21,17224
22,16434
23,15455
24,14704
1,14143
2,13967
3,13927
4,14126
5,14810
6,16204
7,17837
8,17943
9,17336
10,16804
11,16463
12,16107
13,15953
14,15700
15,15700
16,16036
17,16733
18,17113
19,18152
20,18627
21,17916
22,16850
23,15538
24,14648
1,14187
2,13933
3,13907
4,13927
5,14501
6,15966
7,17509
8,17710
9,17223
10,16955
11,16643
12,16498
13,16535
14,16278
15,16244
16,16703
17,17058
18,17270
19,17983
20,18289
21,17446
22,16356
23,15172
24,14415
1,13907
2,13634
3,13614
4,13657
5,14268
6,15674
7,17079
8,17191
9,16642
10,16199
11,15863
12,15538
13,15384
14,15271
15,15114
16,15424
17,15992
18,16466
19,17369
20,18002
21,17325
22,16295
23,15083
24,14275
1,14182
2,13906
3,13841
4,13918
5,14547
6,16073
7,17525
8,17290
9,16798
10,16429
11,16387
12,16167
13,15990
14,15774
15,15689
16,16021
17,16539
18,17115
19,18242
20,18386
21,17602
22,16369
23,15301
24,14554
1,14233
2,14161
3,14007
4,14053
5,14615
6,15943
7,17380
8,17524
9,17280
10,17002
11,16779
12,16506
13,16315
14,15995
15,15955
16,15975
17,16366
18,16609
19,17182
20,17734
21,17093
22,16169
23,15142
24,14266
1,13607
2,13357
3,13197
4,13188
5,13417
6,13945
7,14611
8,15199
9,15863
10,16140
11,16241
12,15928
13,15703
14,15520
15,15325
16,15609
17,15911
18,16144
19,16444
20,16322
21,15811
22,15006
23,14222
24,13560
1,13092
2,12830
3,12708
4,12675
5,12875
6,13400
7,13991
8,14655
9,15370
10,15667
11,15852
12,15629
13,15058
14,14718
15,14508
16,14729
17,15231
18,15726
19,16478
20,16899
21,16269
22,15374
23,14604
24,13985
1,13545
2,13319
3,13354
4,13419
5,13986
6,15212
7,16443
8,16842
9,16791
10,16820
11,16403
12,16136
13,15954
14,15882
15,15921
16,16238
17,16596
18,16708
19,17603
20,17497
21,16845
22,15721
23,14958
24,14313
1,13685
2,13324
3,13126
4,13199
5,13673
6,14900
7,16168
8,16755
9,16894
10,16485
11,16139
12,15700
13,15640
14,15527
15,15566
16,15903
17,16374
18,16709
19,17596
20,18434
21,17609
22,16602
23,15760
24,15168
1,14638
2,14399
3,14332
4,14434
5,14963
6,16138
7,17309
8,17373
9,17011
10,16615
11,16239
12,16145
13,15988
14,15884
15,15858
16,16058
17,16485
18,16958
19,17916
20,18557
21,18009
22,17022
23,15916
24,15071
1,14745
2,14529
3,14451
4,14653
5,15216
6,16684
7,17615
8,17633
9,17144
10,16626
11,16445
12,16129
13,16002
14,15850
15,15698
16,16067
17,16467
18,16956
19,17778
20,18305
21,17704
22,16604
23,15295
24,14542
1,14220
2,13891
3,13726
4,13890
5,14581
6,15802
7,16876
8,17171
9,17040
10,16593
11,16292
12,15886
13,15670
14,15535
15,15481
16,15630
17,15866
18,16177
19,16746
20,17247
21,16715
22,15831
23,14647
24,13911
1,13405
2,13194
3,13055
4,13095
5,13239
6,13732
7,14411
8,15117
9,15709
10,16115
11,16247
12,16213
13,15612
14,15069
15,14671
16,14689
17,15233
18,15652
19,16261
20,16792
21,16357
22,15768
23,14951
24,14448
1,13944
2,13727
3,13684
4,13690
5,13915
6,14559
7,15058
8,15301
9,15382
10,15389
11,15338
12,15216
13,14840
14,14732
15,14842
16,15305
17,16154
18,16699
19,17475
20,18080
21,17445
22,16634
23,15710
24,15064
1,14649
2,14516
3,14546
4,14814
5,15540
6,16988
7,18313
8,18179
9,17586
10,17227
11,17148
12,16960
13,16839
14,16742
15,16647
16,16869
17,17507
18,17894
19,18689
20,19345
21,18650
22,17603
23,16282
24,15477
1,15010
2,14844
3,14890
4,15184
5,15769
6,17226
7,18545
8,18065
9,17272
10,16732
11,16521
12,16326
13,16166
14,15786
15,15691
16,16013
17,16412
18,16925
19,17742
20,18481
21,17761
22,16525
23,15446
24,14688
1,14195
2,14024
3,14001
4,14194
5,14739
6,16181
7,17300
8,17208
9,16862
10,16847
11,16788
12,17035
13,17236
14,17232
15,17391
16,17740
17,17844
18,17642
19,17832
20,18209
21,17382
22,16256
23,15229
24,14512
1,14148
2,13908
3,13771
4,13796
5,14382
6,15825
7,17076
8,17486
9,17552
10,17438
11,17503
12,17347
13,17271
14,17024
15,16839
16,17158
17,17444
18,17422
19,17860
20,18138
21,17585
22,16466
23,15352
24,14422
1,14069
2,13833
3,13710
4,13933
5,14527
6,15950
7,17266
8,17584
9,17521
10,17294
11,17135
12,16869
13,16659
14,16502
15,16432
16,16698
17,16985
18,17063
19,17687
20,18326
21,17998
22,17088
23,16121
24,15239
1,14939
2,14671
3,14607
4,14560
5,14809
6,15447
7,16039
8,16362
9,16246
10,16046
11,15779
12,15452
13,15043
14,14861
15,14585
16,14788
17,15264
18,15836
19,16437
20,17079
21,16659
22,16061
23,15190
24,14426
1,13945
2,13800
3,13676
4,13682
5,13867
6,14246
7,14614
8,14738
9,14766
10,14524
11,14439
12,14307
13,14268
14,14267
15,14321
16,15012
17,15850
18,16299
19,16821
20,17137
21,16627
22,15638
23,14728
24,13865
1,13556
2,13506
3,13446
4,13545
5,14122
6,15619
7,17114
8,17382
9,17283
10,17078
11,16648
12,16445
13,16524
14,16121
15,16066
16,16167
17,16436
18,16608
19,17354
20,18102
21,17605
22,16548
23,15604
24,14846
1,14124
2,13871
3,13863
4,14002
5,14588
6,16005
7,16993
8,16997
9,16757
10,16503
11,16355
12,16114
13,15838
14,15387
15,15349
16,15667
17,16116
18,16264
19,17042
20,17944
21,17481
22,16436
23,15232
24,14466
1,14280
2,14133
3,13902
4,14008
5,14617
6,16147
7,17298
8,17181
9,16708
10,16163
11,15902
12,15652
13,15589
14,15307
15,15300
16,15583
17,15866
18,16084
19,16755
20,17478
21,17117
22,16049
23,14906
24,14106
1,13593
2,13457
3,13321
4,13396
5,13765
6,15204
7,16567
8,16481
9,16136
10,15805
11,15431
12,15154
13,15145
14,15254
15,15184
16,15592
17,16017
18,16380
19,16682
20,17043
21,16390
22,15350
23,14172
24,13297
1,12716
2,12538
3,12460
4,12388
5,12515
6,12835
7,13123
8,13713
9,13873
10,13647
11,13585
12,13600
13,13386
14,13205
15,13243
16,13797
17,14454
18,14782
19,15178
20,15336
21,15103
22,14294
23,13415
24,12686
1,12350
2,12220
3,12043
4,12185
5,12476
6,13114
7,13770
8,14320
9,14535
10,14411
11,14138
12,13998
13,13730
14,13581
15,13526
16,13820
17,14399
18,14833
19,15331
20,15984
21,15728
22,15090
23,14299
24,13627
1,13103
2,12876
3,12865
4,12880
5,13009
6,13420
7,13848
8,14361
9,14641
10,14555
11,14610
12,14412
13,14284
14,14118
15,14148
16,14374
17,14636
18,14798
19,15163
20,16006
21,15705
22,14954
23,14184
24,13485
1,13190
2,13113
3,13068
4,13192
5,13752
6,14766
7,15894
8,16340
9,16518
10,16476
11,16444
12,16193
13,16051
14,15929
15,15591
16,15920
17,16384
18,16401
19,16759
20,17543
21,16996
22,15865
23,14690
24,14056
1,13790
2,13579
3,13556
4,13630
5,14205
6,15491
7,16685
8,16794
9,16532
10,16211
11,15858
12,15406
13,15473
14,15285
15,15306
16,15725
17,16111
18,16393
19,16876
20,17422
21,16901
22,15837
23,14689
24,14041
1,13713
2,13443
3,13396
4,13508
5,14243
6,15467
7,16725
8,17069
9,17145
10,17592
11,17720
12,17846
13,17706
14,17547
15,17653
16,17945
17,18092
18,17876
19,18079
20,18462
21,17703
22,16710
23,15396
24,14601
1,14105
2,13811
3,13720
4,13771
5,14306
6,15599
7,16884
8,17255
9,17285
10,17210
11,17263
12,17141
13,17132
14,16926
15,16894
16,17390
17,17562
18,17424
19,17721
20,17804
21,17252
22,15996
23,14822
24,13892
1,13362
2,13238
3,13121
4,13146
5,13681
6,14515
7,15838
8,16291
9,16255
10,16380
11,16180
12,15931
13,15903
14,15536
15,15331
16,15646
17,15840
18,15982
19,16516
20,17059
21,16203
22,15667
23,14650
24,13685
1,13012
2,12627
3,12662
4,12634
5,12901
6,13394
7,13844
8,14526
9,15020
10,15110
11,14783
12,14391
13,13928
14,13596
15,13224
16,13413
17,13856
18,14253
19,14664
20,15360
21,15255
22,14471
23,13672
24,12958
1,12416
2,12294
3,12108
4,12070
5,12261
6,12654
7,12858
8,13169
9,13109
10,13071
11,13041
12,13063
13,12799
14,12653
15,12654
16,13081
17,13639
18,14035
19,14564
20,15298
21,14889
22,14028
23,13079
24,12336
1,12035
2,11801
3,11781
4,12009
5,12741
6,14031
7,14984
8,15097
9,14715
10,14660
11,14698
12,14419
13,14734
14,14890
15,14976
16,15477
17,16256
18,16154
19,16237
20,16544
21,16129
22,15245
23,14276
24,13230
1,12788
2,12369
3,12082
4,12430
5,12974
6,14345
7,15529
8,15499
9,15068
10,14702
11,14549
12,14573
13,14541
14,14454
15,14527
16,14832
17,15047
18,15150
19,15545
20,16292
21,15922
22,14813
23,13697
24,12989
1,12461
2,12297
3,12280
4,12344
5,13000
6,14440
7,15275
8,15328
9,15088
10,14656
11,14728
12,14558
13,14484
14,14310
15,14311
16,14569
17,14987
18,15150
19,15672
20,16321
21,15857
22,14848
23,13472
24,12766
1,12390
2,12078
3,12061
4,12199
5,12756
6,14116
7,15102
8,15173
9,15026
10,14773
11,14748
12,14703
13,14499
14,14459
15,14610
16,15029
17,15410
18,15609
19,15982
20,16688
21,15952
22,14903
23,13850
24,12946
1,12486
2,12150
3,12106
4,12270
5,12721
6,13990
7,15044
8,15303
9,15213
10,15007
11,14849
12,14792
13,14485
14,14389
15,14137
16,14220
17,14604
18,14843
19,15124
20,15605
21,15427
22,14373
23,13172
24,12236
1,11608
2,11426
3,11337
4,11299
5,11459
6,11843
7,12407
8,13079
9,13131
10,13257
11,13059
12,12801
13,12584
14,12460
15,12407
16,12691
17,13142
18,13513
19,13755
20,14330
21,14009
22,13389
23,12621
24,11854
1,11324
2,11076
3,10975
4,10975
5,11135
6,11352
7,11720
8,12155
9,12353
10,12505
11,12571
12,12522
13,12532
14,12413
15,12570
16,13127
17,13974
18,14275
19,14527
20,15276
21,14834
22,13921
23,12929
24,12199
1,11743
2,11626
3,11645
4,11716
5,12370
6,13746
7,15273
8,15929
9,16242
10,16442
11,16345
12,16129
13,15932
14,15574
15,15644
16,15869
17,15933
18,15778
19,15804
20,16405
21,15987
22,14763
23,13554
24,12832
1,12363
2,12183
3,12032
4,12080
5,12651
6,13906
7,15060
8,15300
9,15119
10,15348
11,15317
12,14905
13,14952
14,14693
15,14811
16,15103
17,15474
18,15454
19,16060
20,16650
21,16326
22,15286
23,14065
24,13230
1,12646
2,12365
3,12228
4,12467
5,13119
6,14561
7,15601
8,15928
9,15636
10,15269
11,15526
12,15467
13,15559
14,15531
15,15479
16,15858
17,16041
18,16024
19,16449
20,17157
21,16727
22,15686
23,14444
24,13681
1,13143
2,12812
3,12707
4,12861
5,13557
6,14791
7,15697
8,16075
9,16011
10,15922
11,16057
12,16171
13,16000
14,15947
15,15943
16,16429
17,16573
18,16698
19,17023
20,17495
21,17181
22,15940
23,14749
24,13854
1,13122
2,12901
3,12950
4,13001
5,13611
6,14928
7,16070
8,16305
9,15883
10,15867
11,15809
12,15328
13,15197
14,14984
15,14840
16,15069
17,15011
18,15284
19,15710
20,16409
21,16379
22,15467
23,14447
24,13607
1,13036
2,12833
3,12719
4,12685
5,12921
6,13346
7,13736
8,14025
9,14186
10,14160
11,14054
12,13729
13,13513
14,13203
15,13030
16,13292
17,13769
18,14032
19,14342
20,14873
21,14806
22,13916
23,13037
24,12420
1,12000
2,11760
3,11633
4,11641
5,11828
6,12124
7,12435
8,12920
9,13161
10,13065
11,13132
12,13260
13,13170
14,13053
15,13203
16,13577
17,14224
18,14238
19,14540
20,15215
21,15155
22,14290
23,13179
24,12554
1,12189
2,12050
3,11974
4,12092
5,12722
6,14155
7,15371
8,15679
9,15602
10,15418
11,15320
12,15356
13,15394
14,15229
15,15150
16,15436
17,15547
18,15478
19,15735
20,16269
21,16131
22,14927
23,13869
24,13124
1,12559
2,12330
3,12268
4,12420
5,13090
6,14123
7,15027
8,15031
9,14707
10,14409
11,14332
12,14361
13,14392
14,14299
15,14313
16,14641
17,14964
18,15150
19,15188
20,15782
21,15880
22,14874
23,13581
24,12631
1,12242
2,12151
3,12013
4,12150
5,12814
6,13775
7,14772
8,14727
9,14441
10,14308
11,14323
12,14322
13,14299
14,14317
15,14373
16,14824
17,14959
18,15121
19,15540
20,15980
21,15726
22,14686
23,13437
24,12481
1,12101
2,11842
3,11848
4,11903
5,12505
6,13781
7,14761
8,14862
9,14691
10,14797
11,14629
12,14454
13,14503
14,14573
15,14538
16,14785
17,15149
18,15144
19,15366
20,15724
21,15701
22,14635
23,13343
24,12526
1,12116
2,11877
3,11725
4,11901
5,12489
6,13641
7,14724
8,15015
9,14853
10,14583
11,14329
12,14363
13,14356
14,14262
15,14298
16,14357
17,14640
18,14513
19,14899
20,15420
21,15612
22,14380
23,13251
24,12500
1,12021
2,11660
3,11408
4,11414
5,11669
6,11932
7,12445
8,12766
9,13182
10,13190
11,13145
12,12991
13,12901
14,12709
15,12806
16,13013
17,13626
18,13689
19,13778
20,14195
21,14329
22,13585
23,12524
24,11871
1,11425
2,11142
3,10869
4,10881
5,10989
6,11114
7,11479
8,12010
9,12413
10,12532
11,12571
12,12696
13,12573
14,12588
15,12867
16,13261
17,13737
18,14156
19,14366
20,14829
21,14772
22,13748
23,12636
24,11760
1,11390
2,11073
3,10992
4,11073
5,11552
6,12679
7,13989
8,14634
9,14561
10,14696
11,14988
12,15269
13,15248
14,15188
15,15366
16,15820
17,15914
18,15698
19,15681
20,16054
21,15914
22,14763
23,13562
24,12405
1,11998
2,11619
3,11512
4,11587
5,12160
6,13217
7,14304
8,14792
9,14746
10,14656
11,14868
12,14785
13,14781
14,14821
15,15008
16,15238
17,15389
18,15427
19,15579
20,16000
21,16101
22,14745
23,13685
24,12741
1,12270
2,12068
3,11993
4,12048
5,12536
6,13429
7,14369
8,14717
9,14567
10,14543
11,14640
12,14614
13,14664
14,14599
15,14828
16,15066
17,15571
18,15572
19,15818
20,15987
21,16079
22,14875
23,13771
24,12763
1,12411
2,12081
3,12005
4,12039
5,12509
6,13458
7,14424
8,14839
9,14671
10,14771
11,14785
12,14980
13,15341
14,15317
15,15429
16,15748
17,16079
18,16207
19,16330
20,16427
21,16433
22,15076
23,13998
24,12896
1,12281
2,11846
3,11706
4,11770
5,12048
6,13249
7,14329
8,15068
9,15179
10,15292
11,15541
12,15748
13,15877
14,15975
15,16182
16,16289
17,16629
18,16547
19,16353
20,16664
21,16726
22,15601
23,14299
24,13384
1,12887
2,12483
3,12212
4,12051
5,12141
6,12433
7,13050
8,13886
9,14500
10,14908
11,15200
12,15196
13,15121
14,15334
15,15569
16,15868
17,16123
18,16088
19,15770
20,15927
21,16382
22,15421
23,14132
24,13380
1,12727
2,12230
3,12007
4,11756
5,11719
6,11803
7,12322
8,13321
9,14204
10,14525
11,14886
12,14971
13,14722
14,15014
15,15343
16,15605
17,15991
18,15893
19,15812
20,16016
21,16134
22,15057
23,13884
24,12751
1,12307
2,12009
3,12004
4,12040
5,12450
6,13688
7,15184
8,15632
9,15856
10,16086
11,16259
12,16136
13,16316
14,16151
15,16244
16,16769
17,17107
18,17067
19,16955
20,17054
21,16865
22,15511
23,13980
24,13021
1,12385
2,12122
3,11971
4,11986
5,12516
6,13385
7,14641
8,15241
9,15178
10,15323
11,15430
12,15349
13,15234
14,15156
15,15194
16,15578
17,15701
18,15642
19,15999
20,16307
21,15955
22,14774
23,13403
24,12479
1,12062
2,11726
3,11781
4,11937
5,12328
6,13460
7,14826
8,15117
9,15088
10,14965
11,14770
12,14691
13,14636
14,14636
15,14623
16,14801
17,14916
18,15047
19,15306
20,15916
21,16224
22,15175
23,13719
24,12744
1,12403
2,12013
3,11944
4,12096
5,12579
6,13617
7,14919
8,15027
9,14700
10,14593
11,14474
12,14411
13,14418
14,14301
15,14376
16,14661
17,15005
18,15198
19,15423
20,15883
21,16101
22,14820
23,13385
24,12342
1,11750
2,11490
3,11358
4,11444
5,11989
6,12996
7,14256
8,14809
9,14808
10,14946
11,14741
12,14679
13,14776
14,14699
15,14811
16,15075
17,15417
18,15348
19,15383
20,15653
21,15697
22,14689
23,13421
24,12480
1,11873
2,11580
3,11292
4,11332
5,11418
6,11526
7,12199
8,13096
9,13673
10,13913
11,14073
12,14133
13,13889
14,13816
15,13763
16,14067
17,14225
18,14309
19,14364
20,14389
21,14754
22,13842
23,12756
24,12004
1,11398
2,11049
3,10853
4,10790
5,10787
6,10839
7,11310
8,11976
9,12478
10,12868
11,13183
12,13200
13,13192
14,13224
15,13103
16,13526
17,14250
18,14273
19,14237
20,14308
21,14595
22,13648
23,12589
24,11894
1,11286
2,10979
3,10882
4,10839
5,10850
6,10901
7,11287
8,11949
9,12678
10,13318
11,13871
12,14366
13,14586
14,14613
15,15048
16,15523
17,16160
18,16222
19,16177
20,16428
21,16363
22,15251
23,14013
24,12967
1,12494
2,12147
3,11917
4,11889
5,12297
6,13166
7,14365
8,14957
9,14837
10,15079
11,15274
12,15116
13,15034
14,14945
15,14997
16,15382
17,15648
18,15622
19,15672
20,15962
21,15929
22,14716
23,13373
24,12392
1,12001
2,11888
3,11784
4,11778
5,12350
6,13405
7,14561
8,14755
9,14558
10,14343
11,14275
12,14181
13,14164
14,14100
15,13997
16,14452
17,14881
18,15037
19,15485
20,15892
21,16044
22,14850
23,13619
24,12716
1,12288
2,11965
3,11848
4,11872
5,12393
6,13348
7,14509
8,14754
9,14558
10,14539
11,14497
12,14537
13,14564
14,14494
15,14514
16,14942
17,15258
18,15324
19,15453
20,15855
21,16063
22,15023
23,13571
24,12516
1,12043
2,11918
3,11794
4,11879
5,12406
6,13203
7,14433
8,14656
9,14475
10,14338
11,14299
12,14385
13,14439
14,14194
15,14077
16,14165
17,14434
18,14706
19,15060
20,15376
21,15721
22,14941
23,13679
24,12906
1,12315
2,11940
3,11785
4,11778
5,11796
6,11951
7,12440
8,12797
9,12787
10,12936
11,12869
12,12824
13,12698
14,12683
15,12604
16,12815
17,13273
18,13615
19,13650
20,13846
21,14144
22,13457
23,12569
24,11736
1,11191
2,11018
3,10851
4,10838
5,10877
6,10731
7,11294
8,12099
9,12738
10,12818
11,12945
12,13127
13,13305
14,13335
15,13589
16,14237
17,14770
18,15078
19,15092
20,15366
21,15783
22,14797
23,13638
24,12610
1,12159
2,11914
3,11659
4,11704
5,12123
6,13176
7,14469
8,15412
9,15823
10,16180
11,16479
12,16414
13,16616
14,16649
15,17015
16,17366
17,17526
18,17325
19,17431
20,17558
21,17410
22,16300
23,14860
24,13781
1,13264
2,12899
3,12668
4,12622
5,12851
6,13868
7,15703
8,16302
9,16631
10,17047
11,17453
12,17616
13,17944
14,18076
15,18391
16,18851
17,19127
18,19158
19,18971
20,18801
21,18853
22,17509
23,15778
24,14512
1,13875
2,13332
3,13005
4,12899
5,13192
6,14310
7,15907
8,16638
9,16848
10,17251
11,17511
12,17623
13,17791
14,17850
15,18210
16,18735
17,18772
18,18254
19,17932
20,18087
21,18084
22,16605
23,14962
24,13787
1,13104
2,12638
3,12380
4,12350
5,12700
6,13698
7,15203
8,15950
9,16163
10,16335
11,16606
12,16626
13,16837
14,16873
15,17244
16,17720
17,17925
18,17891
19,17869
20,17725
21,17977
22,16499
23,14881
24,13511
1,12715
2,12225
3,12076
4,12068
5,12559
6,13517
7,14871
8,15802
9,15836
10,16430
11,16777
12,16863
13,17059
14,17290
15,17413
16,17572
17,17573
18,17251
19,17167
20,17090
21,17168
22,16139
23,14652
24,13295
1,12435
2,12055
3,11880
4,11819
5,11862
6,11990
7,12949
8,14078
9,15182
10,16003
11,16453
12,16643
13,16826
14,16803
15,16809
16,16834
17,16719
18,16219
19,15699
20,15501
21,15280
22,14281
23,13128
24,12102
1,11599
2,11303
3,11051
4,10937
5,10657
6,10663
7,11265
8,11949
9,12709
10,13123
11,13426
12,13312
13,13238
14,13200
15,13250
16,13797
17,14422
18,14441
19,14449
20,14519
21,14626
22,13653
23,12721
24,11917
1,11498
2,11368
3,11444
4,11612
5,12146
6,13095
7,14434
8,14803
9,14787
10,15018
11,15261
12,15132
13,15069
14,15068
15,15109
16,15284
17,15643
18,15441
19,15551
20,15796
21,16027
22,15002
23,13729
24,12831
1,12296
2,11985
3,11841
4,11906
5,12445
6,13359
7,14612
8,14912
9,14898
10,14893
11,14984
12,15001
13,14882
14,14898
15,15107
16,15370
17,15591
18,15537
19,15805
20,15927
21,15986
22,15104
23,13759
24,12762
1,12242
2,11757
3,11542
4,11507
5,12052
6,13036
7,14278
8,14640
9,14577
10,14618
11,14618
12,14590
13,14744
14,14728
15,14892
16,15310
17,15730
18,15794
19,15955
20,15839
21,15932
22,14882
23,13564
24,12649
1,12076
2,11661
3,11475
4,11746
5,12218
6,13214
7,14656
8,15166
9,15236
10,15337
11,15491
12,15507
13,15795
14,15886
15,16029
16,16342
17,16585
18,16439
19,16563
20,16733
21,16735
22,15649
23,14493
24,13193
1,12635
2,12347
3,12191
4,12128
5,12566
6,13286
7,14802
8,15618
9,16060
10,16476
11,16755
12,16904
13,17262
14,17285
15,16936
16,16845
17,16736
18,16399
19,16246
20,16161
21,16211
22,15284
23,14038
24,12928
1,12247
2,11827
3,11553
4,11420
5,11450
6,11482
7,12144
8,12731
9,12971
10,13320
11,13314
12,13284
13,13066
14,13003
15,13051
16,13424
17,14077
18,14439
19,14554
20,14397
21,14457
22,13820
23,12916
24,11996
1,11438
2,11108
3,10938
4,10968
5,10859
6,10804
7,11211
8,11864
9,12323
10,12662
11,12840
12,12935
13,13212
14,13304
15,13660
16,13996
17,14541
18,14775
19,14953
20,15261
21,15254
22,14479
23,13560
24,12651
1,12196
2,11918
3,11885
4,12152
5,12808
6,14062
7,15477
8,16223
9,16701
10,17094
11,16978
12,16854
13,16816
14,16482
15,16537
16,16538
17,16884
18,16804
19,17001
20,16960
21,16892
22,15751
23,14424
24,13447
1,12999
2,12592
3,12399
4,12435
5,12674
6,13589
7,15151
8,15882
9,15904
10,16172
11,16214
12,16278
13,16354
14,16271
15,16407
16,16735
17,17015
18,16855
19,16901
20,16876
21,17013
22,16062
23,14623
24,13263
1,12588
2,12216
3,12033
4,11996
5,12259
6,13334
7,14602
8,15303
9,15478
10,15702
11,16246
12,16091
13,16368
14,16544
15,17077
16,17657
17,18099
18,17887
19,17810
20,17770
21,17552
22,16349
23,14736
24,13595
1,13030
2,12573
3,12315
4,12297
5,12695
6,13464
7,14897
8,15680
9,15669
10,15889
11,16052
12,16249
13,16533
14,16682
15,16878
16,17176
17,17265
18,16999
19,16956
20,17068
21,17203
22,16191
23,14676
24,13475
1,12837
2,12427
3,12250
4,12272
5,12691
6,13782
7,15129
8,15900
9,16200
10,16380
11,16466
12,16597
13,16678
14,16426
15,16456
16,16411
17,16265
18,16197
19,15913
20,15819
21,15979
22,15068
23,13891
24,12906
1,12267
2,11925
3,11550
4,11457
5,11543
6,11704
7,12345
8,13218
9,13842
10,14074
11,14090
12,14065
13,14112
14,14081
15,14142
16,14613
17,15258
18,15311
19,15222
20,14796
21,15115
22,14570
23,13655
24,12665
1,12019
2,11609
3,11272
4,11133
5,11172
6,11215
7,11633
8,12446
9,13233
10,13774
11,14336
12,14735
13,14698
14,14688
15,14940
16,15254
17,15738
18,15594
19,15503
20,15622
21,15816
22,15072
23,13913
24,12869
1,12404
2,12198
3,12139
4,12209
5,12604
6,13645
7,15103
8,15971
9,16390
10,16846
11,17070
12,17218
13,17520
14,17816
15,18245
16,18629
17,18951
18,18799
19,18456
20,18508
21,18514
22,17460
23,15940
24,14595
1,13835
2,13495
3,13166
4,13102
5,13527
6,14572
7,15975
8,16567
9,16868
10,17245
11,17532
12,17500
13,17706
14,17783
15,17858
16,18224
17,18336
18,18152
19,18132
20,17877
21,17689
22,16736
23,15158
24,13734
1,12873
2,12489
3,12264
4,12260
5,12597
6,13451
7,14807
8,15309
9,15374
10,15823
11,15845
12,15943
13,16231
14,16133
15,16243
16,16777
17,17103
18,17045
19,16984
20,16811
21,16839
22,15874
23,14386
24,13239
1,12532
2,12161
3,12012
4,12070
5,12337
6,13289
7,14847
8,15638
9,15936
10,16238
11,16502
12,16852
13,17036
14,17382
15,17645
16,18035
17,18468
18,18525
19,18507
20,18361
21,18232
22,17119
23,15422
24,14179
1,13165
2,12613
3,12285
4,12294
5,12608
6,13557
7,14793
8,15183
9,15238
10,15490
11,15598
12,15461
13,15781
14,15662
15,15650
16,15881
17,16360
18,16264
19,16286
20,16061
21,15728
22,15110
23,13807
24,12823
1,11964
2,11643
3,11440
4,11334
5,11329
6,11518
7,12202
8,13027
9,13609
10,13848
11,14114
12,14155
13,14283
14,14338
15,14192
16,14641
17,15172
18,15357
19,15372
20,15108
21,15468
22,15039
23,13929
24,12960
1,12252
2,11895
3,11704
4,11441
5,11387
6,11436
7,12029
8,13168
9,14275
10,15017
11,15614
12,15829
13,15959
14,15851
15,16067
16,16501
17,16768
18,16911
19,16906
20,16754
21,16795
22,15986
23,14587
24,13553
1,12809
2,12448
3,12290
4,12319
5,12625
6,13639
7,15280
8,16014
9,16505
10,16972
11,17532
12,17733
13,18064
14,18258
15,18672
16,18995
17,19339
18,18998
19,18649
20,18396
21,18253
22,17021
23,15410
24,14564
1,13884
2,13493
3,13308
4,13224
5,13554
6,14386
7,15908
8,16929
9,17492
10,17884
11,17832
12,17716
13,17439
14,17116
15,17053
16,17357
17,17588
18,17528
19,17518
20,17460
21,17303
22,16304
23,14733
24,13739
1,13068
2,12508
3,12281
4,12274
5,12584
6,13476
7,14851
8,15370
9,15503
10,15869
11,16080
12,16247
13,16500
14,16811
15,17160
16,17600
17,18024
18,18089
19,18204
20,17900
21,17893
22,16816
23,15220
24,14093
1,13511
2,13055
3,12822
4,12741
5,13038
6,13745
7,15203
8,16051
9,16381
10,16663
11,16942
12,17041
13,17334
14,17337
15,17267
16,17312
17,17262
18,16975
19,16820
20,16806
21,16949
22,16255
23,14967
24,13820
1,13089
2,12778
3,12593
4,12535
5,12716
6,13317
7,14705
8,15331
9,15714
10,16010
11,16299
12,16430
13,16421
14,16275
15,16313
16,16585
17,16860
18,16804
19,16681
20,16424
21,16383
22,15531
23,14262
24,13053
1,12426
2,12009
3,11723
4,11465
5,11471
6,11486
7,12250
8,13024
9,13652
10,14128
11,14442
12,14428
13,14389
14,14345
15,14416
16,14561
17,14827
18,14621
19,14344
20,14426
21,14319
22,13554
23,12606
24,11991
1,11479
2,11075
3,10898
4,10817
5,10826
6,10831
7,11311
8,12133
9,12850
10,13255
11,13520
12,13682
13,13584
14,13582
15,13585
16,13814
17,14161
18,14370
19,14412
20,14432
21,14473
22,13943
23,12961
24,12138
1,11652
2,11433
3,11291
4,11288
5,11716
6,12794
7,13762
8,14435
9,14995
10,15393
11,15484
12,15583
13,15925
14,15856
15,16015
16,16108
17,16369
18,16541
19,16589
20,16570
21,16718
22,15751
23,14460
24,13321
1,12641
2,12221
3,11905
4,11838
5,12186
6,13086
7,14302
8,14917
9,15470
10,15950
11,16131
12,16072
13,16256
14,16198
15,16128
16,16182
17,16261
18,16019
19,16007
20,15891
21,16174
22,15135
23,14249
24,13261
1,12638
2,12053
3,11906
4,11677
5,11742
6,11967
7,12603
8,13344
9,13984
10,14428
11,14555
12,14627
13,14695
14,14435
15,14407
16,14562
17,14834
18,14876
19,14857
20,14830
21,14958
22,14274
23,13625
24,12737
1,12064
2,11702
3,11557
4,11582
5,11904
6,12584
7,13691
8,14341
9,14595
10,14794
11,14949
12,15131
13,15251
14,15241
15,15312
16,15514
17,15870
18,16163
19,16276
20,16004
21,15989
22,15304
23,13819
24,12577
1,11711
2,11436
3,11284
4,11245
5,11577
6,12150
7,13096
8,13657
9,14146
10,14313
11,14522
12,14643
13,14781
14,14781
15,15048
16,15373
17,15651
18,15710
19,15683
20,15527
21,15635
22,14931
23,13812
24,12813
1,12231
2,11704
3,11453
4,11247
5,11175
6,11229
7,11686
8,12642
9,13389
10,13716
11,14072
12,14248
13,14334
14,14440
15,14615
16,15146
17,15670
18,15881
19,15833
20,15633
21,15541
22,14993
23,14014
24,13036
1,12338
2,11850
3,11604
4,11369
5,11227
6,11010
7,11577
8,12286
9,13078
10,13858
11,14530
12,14978
13,15395
14,15673
15,16109
16,16586
17,17198
18,17329
19,17276
20,17108
21,17225
22,16401
23,15097
24,13982
1,13506
2,12997
3,12707
4,12621
5,13023
6,13808
7,15035
8,16220
9,16892
10,17600
11,18022
12,18483
13,18884
14,19081
15,19269
16,19600
17,19929
18,19758
19,19618
20,19314
21,19160
22,17834
23,16373
24,14978
1,14377
2,13784
3,13390
4,13265
5,13702
6,14643
7,16098
8,17107
9,17831
10,18573
11,19145
12,19569
13,19749
14,19454
15,19203
16,19469
17,19083
18,18692
19,18231
20,18023
21,17868
22,16795
23,15108
24,13884
1,13253
2,12841
3,12626
4,12534
5,12793
6,13525
7,14633
8,15376
9,15721
10,16025
11,16194
12,16343
13,16531
14,16619
15,16593
16,16674
17,16885
18,16818
19,16656
20,16724
21,16862
22,16071
23,14651
24,13664
1,12928
2,12571
3,12378
4,12349
5,12763
6,13660
7,14935
8,15674
9,15941
10,16141
11,16299
12,16402
13,16718
14,16700
15,16821
16,16908
17,17232
18,17231
19,17274
20,17160
21,17268
22,16332
23,14898
24,13672
1,13020
2,12582
3,12294
4,12175
5,12422
6,13139
7,14660
8,15488
9,15932
10,16449
11,16745
12,16983
13,17242
14,17389
15,17581
16,17728
17,18078
18,18144
19,18129
20,17773
21,17624
22,16894
23,15425
24,14064
1,13244
2,12626
3,12225
4,12101
5,12060
6,12176
7,12888
8,13744
9,14823
10,15500
11,16028
12,16305
13,16533
14,16775
15,17019
16,17505
17,17946
18,18016
19,17896
20,17492
21,17282
22,16562
23,15452
24,14423
1,13578
2,12972
3,12551
4,12322
5,12210
6,12152
7,12752
8,13435
9,14617
10,15391
11,16155
12,16644
13,16977
14,17152
15,17483
16,18029
17,18357
18,18464
19,18420
20,18135
21,18340
22,17428
23,15989
24,14598
1,13825
2,13380
3,13040
4,12823
5,13072
6,13900
7,15365
8,16716
9,17645
10,18166
11,18903
12,19200
13,19593
14,19745
15,20099
16,20437
17,20811
18,20635
19,20414
20,20110
21,19958
22,18837
23,17106
24,15678
1,14659
2,14244
3,13947
4,13828
5,14173
6,15200
7,16557
8,17490
9,17932
10,18624
11,18943
12,18992
13,18852
14,18801
15,18976
16,19071
17,19563
18,19289
19,18806
20,18740
21,18789
22,17675
23,15808
24,14437
1,13320
2,12588
3,12469
4,12204
5,12539
6,13338
7,14260
8,14919
9,15086
10,15349
11,15552
12,15650
13,15766
14,15763
15,16000
16,16491
17,16907
18,17118
19,17307
20,17055
21,16970
22,16017
23,14652
24,13403
1,12658
2,12411
3,12247
4,12192
5,12493
6,13230
7,14437
8,15091
9,15531
10,15922
11,16263
12,16352
13,16507
14,16318
15,16720
16,17125
17,17467
18,17524
19,17484
20,17150
21,17255
22,16143
23,14795
24,13619
1,12863
2,12548
3,12342
4,12301
5,12812
6,13759
7,14670
8,15334
9,15963
10,16312
11,16547
12,16634
13,16802
14,16723
15,16735
16,16808
17,17206
18,17077
19,17147
20,17113
21,17409
22,16532
23,15256
24,14175
1,13519
2,13068
3,12896
4,12795
5,12808
6,13029
7,13863
8,15009
9,16164
10,16979
11,17613
12,17983
13,18234
14,18438
15,18491
16,18801
17,19257
18,19163
19,18915
20,18634
21,18751
22,17984
23,16795
24,15811
1,15159
2,14541
3,14084
4,13747
5,13608
6,13440
7,14101
8,15469
9,16776
10,17945
11,18726
12,19132
13,19485
14,19563
15,19912
16,19649
17,20038
18,20020
19,19792
20,19414
21,19202
22,18284
23,16671
24,15373
1,14579
2,13740
3,13366
4,13236
5,13565
6,14357
7,15701
8,16901
9,17520
10,18214
11,18811
12,19225
13,19561
14,19754
15,19906
16,20036
17,20259
18,20227
19,20166
20,19903
21,19669
22,18371
23,16813
24,15721
1,14846
2,14330
3,13959
4,13762
5,14173
6,14937
7,15842
8,16549
9,17036
10,17527
11,17807
12,17912
13,17965
14,18075
15,18145
16,18751
17,19047
18,18781
19,18789
20,18369
21,18127
22,17134
23,15492
24,14226
1,13420
2,12990
3,12608
4,12608
5,12965
6,13636
7,14924
8,15619
9,16051
10,16382
11,16493
12,16724
13,17199
14,17262
15,17597
16,17882
17,18227
18,18085
19,17860
20,17613
21,17522
22,16571
23,15012
24,13838
1,13044
2,12677
3,12446
4,12326
5,12789
6,13575
7,14798
8,15747
9,16155
10,16423
11,16797
12,17166
13,17227
14,17441
15,17740
16,17980
17,18417
18,18471
19,18646
20,18272
21,18250
22,17179
23,15638
24,14353
1,13511
2,13026
3,12807
4,12750
5,13003
6,13817
7,14999
8,15982
9,16554
10,16966
11,17401
12,17758
13,18046
14,18386
15,18731
16,19276
17,19601
18,19424
19,19385
20,18890
21,18885
22,17835
23,16438
24,15096
1,14150
2,13538
3,13163
4,13011
5,13124
6,13291
7,13634
8,14724
9,16143
10,17051
11,17661
12,18078
13,18251
14,18247
15,18211
16,18751
17,19105
18,18750
19,18534
20,18229
21,18287
22,17356
23,16357
24,15149
1,14251
2,13569
3,13138
4,12905
5,12858
6,12724
7,13041
8,14280
9,15444
10,16474
11,17255
12,17923
13,18069
14,18304
15,18595
16,19201
17,19540
18,19751
19,19763
20,19292
21,19452
22,18418
23,16965
24,15687
1,14804
2,14261
3,13944
4,13825
5,14131
6,14873
7,16361
8,17542
9,18627
10,19469
11,20156
12,20669
13,21055
14,21189
15,21309
16,21461
17,21872
18,21920
19,21816
20,21561
21,21666
22,20290
23,18593
24,17004
1,16044
2,15330
3,14791
4,14637
5,14917
6,15364
7,16767
8,18094
9,19179
10,19857
11,20597
12,21026
13,21552
14,21710
15,21836
16,22151
17,22516
18,22371
19,22212
20,22031
21,22063
22,20785
23,18936
24,17385
1,16256
2,15484
3,14954
4,14744
5,15187
6,15947
7,17114
8,18470
9,19627
10,20467
11,21299
12,21871
13,22260
14,21995
15,21785
16,22274
17,22471
18,22310
19,22083
20,21910
21,21952
22,20993
23,19160
24,17751
1,17019
2,16179
3,15762
4,15615
5,15744
6,16321
7,17512
8,18713
9,19373
10,20035
11,20302
12,20398
13,20343
14,20596
15,20455
16,20376
17,20832
18,20762
19,20681
20,20284
21,20328
22,18999
23,17361
24,15897
1,14894
2,14331
3,13857
4,13774
5,14156
6,14764
7,16115
8,17105
9,17849
10,18447
11,18774
12,19128
13,19740
14,19827
15,19879
16,19920
17,20363
18,19946
19,19374
20,18931
21,18876
22,17703
23,16069
24,14927
1,14230
2,13510
3,12972
4,12778
5,12764
6,12699
7,13284
8,14431
9,15152
10,15648
11,16058
12,16269
13,16395
14,16277
15,16334
16,16618
17,16984
18,17191
19,17012
20,16607
21,16408
22,15472
23,14577
24,13594
1,12876
2,12582
3,12313
4,12085
5,12129
6,12020
7,12383
8,13382
9,14209
10,14896
11,15297
12,15718
13,16013
14,16349
15,16885
16,17462
17,17248
18,16785
19,16345
20,16392
21,16550
22,15949
23,14527
24,13951
1,13224
2,12592
3,12188
4,11965
5,12120
6,12410
7,12867
8,13536
9,14273
10,14899
11,15659
12,16117
13,16197
14,16136
15,16317
16,16906
17,17467
18,17401
19,17144
20,16972
21,17055
22,16227
23,14781
24,13739
1,13086
2,12788
3,12600
4,12619
5,13024
6,13678
7,14952
8,15918
9,16342
10,16856
11,17103
12,17171
13,17521
14,17685
15,17660
16,17853
17,18189
18,18061
19,17948
20,17961
21,17861
22,16800
23,15251
24,14242
1,13328
2,12782
3,12461
4,12465
5,12834
6,13710
7,14801
8,15602
9,15860
10,16284
11,16648
12,16690
13,16703
14,16693
15,16753
16,17040
17,17430
18,17306
19,17405
20,17079
21,17298
22,16135
23,14880
24,13603
1,12887
2,12458
3,12297
4,12349
5,12902
6,13597
7,14650
8,15257
9,15701
10,16016
11,16311
12,16538
13,16719
14,16674
15,16964
16,17224
17,17734
18,17622
19,17488
20,17489
21,17493
22,16269
23,15080
24,13843
1,13106
2,12736
3,12543
4,12567
5,12892
6,13493
7,14574
8,15430
9,15831
10,16155
11,16811
12,16945
13,17126
14,17184
15,17268
16,17489
17,17568
18,17521
19,17548
20,17286
21,17132
22,16121
23,14752
24,13625
1,12814
2,12409
3,12162
4,12084
5,12106
6,12360
7,13035
8,13834
9,14452
10,14831
11,15045
12,15056
13,15023
14,14988
15,15061
16,15336
17,15625
18,15509
19,15342
20,15248
21,15412
22,14717
23,13788
24,12854
1,12229
2,11900
3,11593
4,11414
5,11436
6,11452
7,11745
8,12500
9,13201
10,13744
11,14388
12,14645
13,15002
14,15259
15,15503
16,15954
17,16613
18,16976
19,17012
20,16797
21,16828
22,15761
23,14340
24,13455
1,12797
2,12478
3,12357
4,12326
5,12876
6,13630
7,14926
8,15660
9,16330
10,16792
11,17184
12,17507
13,17815
14,17892
15,17909
16,18139
17,18207
18,17818
19,17664
20,17761
21,17585
22,16386
23,15210
24,14096
1,13557
2,13115
3,12895
4,12867
5,13104
6,14013
7,15289
8,16296
9,16897
10,17276
11,17476
12,17678
13,17923
14,17960
15,17935
16,18269
17,18594
18,18360
19,18240
20,17911
21,17840
22,16619
23,15092
24,14052
1,13345
2,12919
3,12591
4,12455
5,12807
6,13699
7,14880
8,15682
9,15938
10,16144
11,16329
12,16321
13,16422
14,16492
15,16681
16,16909
17,17175
18,17136
19,17118
20,17121
21,16979
22,15832
23,14528
24,13554
1,12802
2,12373
3,12066
4,12150
5,12528
6,13322
7,14485
8,15329
9,15751
10,16095
11,16394
12,16669
13,16933
14,17200
15,17448
16,17829
17,18219
18,18381
19,18561
20,18606
21,18725
22,17433
23,16026
24,14865
1,13993
2,13399
3,13203
4,13237
5,13636
6,14555
7,15808
8,16858
9,17205
10,17596
11,17932
12,18314
13,18389
14,18330
15,18422
16,18647
17,18949
18,18923
19,19064
20,19159
21,18821
22,17818
23,16328
24,15098
1,14278
2,13709
3,13388
4,13207
5,13133
6,13341
7,13854
8,14791
9,15995
10,16928
11,17618
12,17949
13,18274
14,18637
15,18876
16,19341
17,19658
18,19734
19,19364
20,18932
21,18811
22,17707
23,16455
24,15257
1,14543
2,13740
3,13429
4,13160
5,13103
6,13125
7,13451
8,14363
9,15785
10,16810
11,17796
12,18461
13,18786
14,19032
15,19261
16,19964
17,20534
18,20639
19,20465
20,20289
21,20146
22,18774
23,17320
24,16086
1,15489
2,14776
3,14425
4,14283
5,14621
6,15717
7,16859
8,18051
9,19284
10,20341
11,20995
12,21648
13,21514
14,21736
15,21851
16,22155
17,22383
18,22196
19,21834
20,21963
21,21675
22,20256
23,18545
24,17201
1,16345
2,15527
3,15231
4,14973
5,15259
6,16379
7,17610
8,18486
9,19254
10,19723
11,20117
12,20333
13,20287
14,19929
15,20114
16,20511
17,20828
18,20640
19,20392
20,20482
21,20173
22,18685
23,17189
24,15877
1,15091
2,14481
3,14183
4,14130
5,14665
6,15601
7,16704
8,17833
9,18636
10,19299
11,20095
12,20632
13,20837
14,21300
15,21279
16,21439
17,21629
18,21516
19,21150
20,21322
21,21054
22,19565
23,18090
24,16548
1,15853
2,15260
3,14856
4,14743
5,15417
6,16470
7,17640
8,18529
9,19125
10,19257
11,19229
12,19223
13,19132
14,19214
15,19453
16,19680
17,19721
18,19467
19,19076
20,18835
21,18515
22,17242
23,15585
24,14413
1,13602
2,13117
3,12762
4,12777
5,13132
6,14146
7,15046
8,15820
9,16288
10,16457
11,16736
12,16605
13,16738
14,16696
15,16592
16,16751
17,17103
18,17026
19,17050
20,17294
21,17236
22,15947
23,14587
24,13555
1,12807
2,12324
3,12004
4,11795
5,11890
6,12209
7,12697
8,13518
9,14380
10,14725
11,15068
12,15377
13,15494
14,15513
15,15654
16,16068
17,16460
18,16564
19,16239
20,16228
21,15993
22,15010
23,13978
24,13046
1,12342
2,11980
3,11730
4,11723
5,11770
6,11913
7,12072
8,12916
9,13689
10,14099
11,14549
12,15009
13,15249
14,15440
15,15914
16,16461
17,17243
18,17336
19,17174
20,17131
21,16916
22,16002
23,14739
24,13811
1,13301
2,12980
3,12817
4,12834
5,13276
6,14186
7,15025
8,16119
9,16515
10,17031
11,17289
12,17229
13,17424
14,17323
15,17559
16,17595
17,17788
18,17870
19,17563
20,17855
21,17528
22,16258
23,14874
24,13843
1,13111
2,12820
3,12720
4,12676
5,13137
6,14130
7,14936
8,15649
9,16055
10,16183
11,16424
12,16562
13,16571
14,16583
15,16499
16,16631
17,16784
18,16597
19,16668
20,17166
21,16778
22,15614
23,14376
24,13312
1,12744
2,12453
3,12367
4,12426
5,12814
6,14003
7,14815
8,15600
9,15869
10,16128
11,16327
12,16389
13,16413
14,16370
15,16526
16,16639
17,16727
18,16652
19,16624
20,17098
21,16713
22,15525
23,14311
24,13323
1,12816
2,12543
3,12410
4,12464
5,12843
6,13849
7,14790
8,15353
9,15643
10,15882
11,16247
12,16230
13,16296
14,16184
15,16258
16,16293
17,16566
18,16496
19,16595
20,17125
21,16765
22,15589
23,14348
24,13411
1,12847
2,12491
3,12343
4,12301
5,12707
6,13537
7,14388
8,15071
9,15245
10,15427
11,15806
12,15957
13,16035
14,16040
15,16155
16,16408
17,16679
18,16860
19,16673
20,17020
21,16730
22,15573
23,14255
24,13263
1,12634
2,12243
3,12008
4,11851
5,11909
6,12301
7,12796
8,13670
9,14407
10,14894
11,15112
12,15264
13,15434
14,15676
15,15845
16,16017
17,16080
18,15936
19,15691
20,16104
21,15727
22,14900
23,13981
24,13220
1,12676
2,12291
3,12020
4,11930
5,11959
6,12176
7,12565
8,13280
9,14011
10,14598
11,15207
12,15686
13,15977
14,16342
15,16581
16,17156
17,17611
18,17738
19,17572
20,18105
21,17871
22,16870
23,15472
24,14361
1,13860
2,13500
3,13267
4,13218
5,13720
6,14851
7,15936
8,16947
9,17597
10,18349
11,18897
12,19321
13,19806
14,20214
15,20388
16,20807
17,21257
18,21080
19,20854
20,21040
21,20206
22,18592
23,17026
24,15719
1,14989
2,14410
3,14116
4,14046
5,14462
6,15410
7,16270
8,17024
9,17708
10,18446
11,19161
12,19407
13,20085
14,20469
15,20970
16,21280
17,21353
18,21160
19,20899
20,21366
21,20577
22,19141
23,17378
24,15990
1,15168
2,14654
3,14277
4,14190
5,14764
6,16001
7,16834
8,17839
9,18703
10,19860
11,20571
12,21122
13,21354
14,21595
15,21731
16,21899
17,22063
18,21800
19,21508
20,21972
21,21208
22,19926
23,18457
24,17266
1,16257
2,15539
3,15198
4,15099
5,15545
6,16789
7,17816
8,18709
9,19503
10,20176
11,21001
12,21563
13,21889
14,21826
15,21351
16,21750
17,21445
18,20943
19,20695
20,20871
21,20235
22,18770
23,17204
24,15931
1,14979
2,14617
3,14323
4,14239
5,14588
6,15351
7,16166
8,17044
9,18027
10,18770
11,19005
12,19409
13,19782
14,19933
15,19792
16,20148
17,20426
18,20061
19,19362
20,19271
21,18410
22,17256
23,15786
24,14742
1,13862
2,13386
3,13035
4,12822
5,12913
6,13185
7,13551
8,14465
9,15539
10,16449
11,17258
12,18015
13,18602
14,18993
15,19412
16,19875
17,20263
18,20144
19,19709
20,19611
21,18884
22,17704
23,16570
24,15477
1,14766
2,13963
3,13474
4,13378
5,13243
6,13359
7,13551
8,14823
9,16044
10,17100
11,17971
12,18721
13,19073
14,19330
15,19570
16,20032
17,20554
18,20415
19,19783
20,20198
21,19406
22,18144
23,16906
24,15826
1,14898
2,14348
3,13928
4,13626
5,13606
6,13954
7,14375
8,15386
9,16766
10,18119
11,19053
12,19820
13,20454
14,20741
15,20967
16,21493
17,21883
18,21776
19,21618
20,21859
21,20887
22,19551
23,18092
24,16873
1,16070
2,15407
3,15082
4,15114
5,15568
6,16876
7,18235
8,18858
9,19242
10,19764
11,20344
12,20715
13,21280
14,21538
15,21528
16,21426
17,21786
18,21923
19,21544
20,21796
21,20886
22,19366
23,17615
24,16593
1,15901
2,15192
3,14943
4,15009
5,15393
6,16758
7,18192
8,18472
9,18583
10,18698
11,18781
12,18699
13,18902
14,18991
15,18899
16,19222
17,19307
18,19017
19,18721
20,18838
21,17956
22,16360
23,14945
24,13824
1,13123
2,12694
3,12509
4,12525
5,13089
6,14414
7,15456
8,15777
9,15958
10,16395
11,16550
12,16611
13,16955
14,16936
15,17221
16,17889
17,18062
18,18134
19,17937
20,18483
21,17497
22,16002
23,14808
24,13657
1,13124
2,12788
3,12518
4,12542
5,12955
6,14100
7,15476
8,15608
9,15877
10,15948
11,16229
12,16414
13,16184
14,16299
15,16436
16,16657
17,16835
18,16399
19,16675
20,16777
21,15973
22,15007
23,13791
24,12925
1,12331
2,12003
3,11840
4,11670
5,11734
6,12094
7,12731
8,13628
9,14119
10,14408
11,14417
12,14392
13,14364
14,14069
15,13918
16,13960
17,14238
18,14444
19,14621
20,14769
21,14227
22,13631
23,12795
24,11963
1,11554
2,11249
3,11032
4,10927
5,11052
6,11407
7,11770
8,12516
9,13059
10,13323
11,13577
12,13721
13,13935
14,13864
15,13735
16,14196
17,14783
18,14848
19,15217
20,15353
21,14838
22,13927
23,13084
24,12218
1,11864
2,11671
3,11586
4,11684
5,12257
6,13794
7,14784
8,14921
9,14789
10,14677
11,14891
12,14820
13,14980
14,14945
15,15083
16,15651
17,16356
18,16521
19,16932
20,17307
21,16435
22,15155
23,13838
24,13027
1,12287
2,12007
3,11904
4,11992
5,12443
6,13619
7,14815
8,15138
9,15423
10,15495
11,15915
12,16179
13,16601
14,16698
15,17031
16,17735
17,18350
18,18539
19,18574
20,18751
21,17810
22,16387
23,14826
24,13681
1,12966
2,12548
3,12407
4,12436
5,12988
6,14162
7,15283
8,15785
9,16158
10,16449
11,16908
12,17443
13,17981
14,18209
15,18774
16,19437
17,19946
18,19822
19,19812
20,19935
21,18743
22,17119
23,15513
24,14380
1,13560
2,13358
3,13057
4,12866
5,13374
6,14619
7,15638
8,15982
9,16424
10,16990
11,17516
12,17769
13,18214
14,18646
15,19022
16,19553
17,20010
18,19845
19,19735
20,19893
21,18603
22,17133
23,15645
24,14396
1,13490
2,13137
3,12792
4,12845
5,13274
6,14494
7,15719
8,16261
9,16717
10,17133
11,17567
12,18007
13,18278
14,18256
15,17947
16,18188
17,18310
18,17880
19,18124
20,18316
21,17441
22,16240
23,14970
24,13914
1,13318
2,12759
3,12336
4,12239
5,12333
6,12713
7,13367
8,14367
9,15402
10,15989
11,16280
12,16652
13,16510
14,16189
15,16016
16,15841
17,15697
18,15460
19,15614
20,15631
21,14771
22,13903
23,13078
24,12276
1,11591
2,11203
3,11048
4,10992
5,11147
6,11427
7,11782
8,12328
9,12766
10,12712
11,12912
12,13249
13,13254
14,13243
15,13364
16,13876
17,14492
18,14876
19,15494
20,15600
21,14814
22,13911
23,12955
24,12135
1,11742
2,11552
3,11525
4,11623
5,12057
6,13363
7,14603
8,14894
9,14857
10,15062
11,15030
12,15292
13,15437
14,15436
15,15589
16,16056
17,16472
18,16535
19,16872
20,17056
21,16038
22,14770
23,13550
24,12741
1,12304
2,12029
3,11856
4,11984
5,12393
6,13864
7,15059
8,15219
9,15120
10,15266
11,15344
12,15563
13,15731
14,15881
15,16021
16,16539
17,16979
18,17112
19,17600
20,17578
21,16910
22,15355
23,14029
24,13060
1,12610
2,12181
3,12098
4,12117
5,12522
6,13904
7,15032
8,15161
9,15038
10,15257
11,15518
12,15651
13,16081
14,16245
15,16488
16,16994
17,17456
18,17396
19,17809
20,17733
21,16957
22,15598
23,14183
24,13287
1,12865
2,12533
3,12338
4,12330
5,12727
6,14034
7,15292
8,15573
9,15716
10,15865
11,16095
12,16286
13,16485
14,16698
15,16828
16,17276
17,17481
18,17136
19,17724
20,17738
21,16866
22,15703
23,14270
24,13254
1,12663
2,12378
3,12145
4,12246
5,12687
6,13794
7,14993
8,15448
9,15533
10,15546
11,15854
12,15723
13,15967
14,15891
15,15920
16,16205
17,16520
18,16427
19,16694
20,16468
21,16028
22,14920
23,13568
24,12624
1,12228
2,11839
3,11684
4,11544
5,11620
6,12104
7,12645
8,13182
9,13554
10,13649
11,13791
12,13621
13,13679
14,13523
15,13802
16,14206
17,14777
18,14980
19,15296
20,15039
21,14578
22,13882
23,12960
24,12077
1,11489
2,11251
3,11095
4,11018
5,11032
6,11381
7,11681
8,12295
9,12825
10,13166
11,13436
12,13596
13,13710
14,13817
15,14149
16,14784
17,15438
18,15607
19,16213
20,16052
21,15283
22,14421
23,13482
24,12721
1,12215
2,12047
3,11882
4,11922
5,12470
6,13960
7,15388
8,16204
9,16433
10,16787
11,16941
12,16984
13,17174
14,16971
15,16993
16,17317
17,17575
18,17468
19,18048
20,18073
21,17002
22,15591
23,14532
24,13380
1,12834
2,12511
3,12380
4,12545
5,13042
6,14611
7,16164
8,16597
9,16951
10,17185
11,17421
12,17195
13,17203
14,16936
15,16746
16,16922
17,16810
18,16551
19,17275
20,16824
21,16007
22,14915
23,13658
24,12714
1,12317
2,12074
3,11876
4,11922
5,12439
6,13746
7,15131
8,15421
9,15233
10,14897
11,14885
12,14776
13,14814
14,14699
15,14657
16,15139
17,15548
18,15956
19,16730
20,16432
21,15633
22,14399
23,13245
24,12498
1,12097
2,11808
3,11595
4,11682
5,12237
6,13619
7,14858
8,14802
9,14383
10,14124
11,14082
12,13868
13,14114
14,13980
15,13968
16,14438
17,15010
18,15710
19,16605
20,16458
21,15705
22,14423
23,13369
24,12656
1,12068
2,11898
3,11687
4,11848
5,12436
6,13898
7,14974
8,15234
9,15115
10,14645
11,14375
12,14373
13,14523
14,14381
15,14464
16,14708
17,15130
18,15509
19,16330
20,16001
21,15450
22,14562
23,13401
24,12385
1,12027
2,11698
3,11529
4,11350
5,11712
6,12365
7,13057
8,13606
9,13974
10,14153
11,14174
12,14041
13,13802
14,13965
15,14203
16,14605
17,15060
18,15344
19,15553
20,15248
21,14629
22,13789
23,13093
24,12393
1,11934
2,11748
3,11629
4,11561
5,11662
6,12016
7,12556
8,13210
9,13666
10,13686
11,13805
12,13860
13,13763
14,13755
15,13979
16,14488
17,15082
18,15392
19,16071
20,15801
21,15108
22,14197
23,13384
24,12728
1,12263
2,12140
3,11975
4,12042
5,12629
6,14005
7,15521
8,15703
9,15724
10,15689
11,15646
12,15473
13,15576
14,15493
15,15621
16,15971
17,16393
18,16620
19,17301
20,17011
21,16134
22,15084
23,13938
24,13032
1,12592
2,12315
3,12213
4,12325
5,12819
6,14291
7,15597
8,15880
9,15814
10,15777
11,15886
12,15770
13,15752
14,15555
15,15632
16,15955
17,16307
18,16505
19,17042
20,16770
21,16107
22,14955
23,13859
24,13001
1,12614
2,12261
3,12149
4,12101
5,12631
6,13974
7,15401
8,15450
9,15497
10,15546
11,15384
12,15236
13,15245
14,15246
15,15211
16,15523
17,15934
18,16216
19,16944
20,16732
21,15896
22,14812
23,13589
24,12730
1,12355
2,12089
3,11993
4,12175
5,12801
6,14060
7,15427
8,15278
9,15090
10,14842
11,14862
12,14876
13,15059
14,15121
15,15281
16,15753
17,16205
18,16468
19,17218
20,16772
21,16036
22,14930
23,13802
24,12943
1,12440
2,12270
3,12072
4,12160
5,12631
6,13988
7,15167
8,15559
9,15770
10,15879
11,15985
12,15652
13,15593
14,15444
15,15353
16,15433
17,15523
18,15830
19,16548
20,16248
21,15627
22,14894
23,13748
24,12852
1,12366
2,12048
3,11833
4,11907
5,11932
6,12499
7,13196
8,13546
9,13653
10,13685
11,13567
12,13466
13,13262
14,13232
15,13112
16,13502
17,14079
18,14534
19,15045
20,14622
21,14119
22,13411
23,12491
24,11715
1,11342
2,11037
3,10839
4,10803
5,10921
6,11248
7,11808
8,12349
9,12744
10,12902
11,13177
12,12979
13,12886
14,12777
15,12860
16,13219
17,13625
18,13729
19,14218
20,13996
21,13588
22,12928
23,12184
24,11500
1,11168
2,10795
3,10636
4,10539
5,10655
6,11068
7,11360
8,11728
9,12192
10,12511
11,12821
12,12889
13,12780
14,12745
15,13064
16,13578
17,14101
18,14700
19,15192
20,14896
21,14366
22,13409
23,12475
24,11856
1,11464
2,11272
3,11276
4,11264
5,11942
6,13376
7,14923
8,15457
9,15365
10,15239
11,15162
12,15184
13,15316
14,15122
15,15179
16,15473
17,15819
18,16122
19,16686
20,16457
21,15728
22,14563
23,13508
24,12654
1,12154
2,11861
3,11902
4,11891
5,12389
6,13905
7,15403
8,15431
9,15310
10,15172
11,15017
12,15006
13,14858
14,14659
15,14704
16,15097
17,15507
18,16129
19,16882
20,16707
21,15917
22,14876
23,13702
24,12882
1,12327
2,12126
3,12001
4,11977
5,12446
6,14089
7,15439
8,15650
9,15382
10,14969
11,14765
12,14811
13,14935
14,15023
15,15237
16,15774
17,16380
18,16615
19,17022
20,16597
21,15887
22,15070
23,13922
24,13118
1,12559
2,12231
3,12044
4,12180
5,12699
6,14298
7,15733
8,15975
9,15502
10,15274
11,15208
12,15160
13,15167
14,14882
15,15075
16,15503
17,15702
18,16335
19,16715
20,16534
21,15989
22,14953
23,14155
24,13195
1,12707
2,12399
3,12211
4,12192
5,12356
6,13151
7,13921
8,14491
9,14578
10,14618
11,14621
12,14474
13,14359
14,14192
15,14133
16,14392
17,15014
18,15742
19,16155
20,15776
21,15296
22,14691
23,13765
24,12965
1,12566
2,12263
3,12045
4,12104
5,12243
6,12756
7,13300
8,13676
9,14019
10,13957
11,14161
12,14325
13,14243
14,14300
15,14444
16,14909
17,15741
18,16093
19,16695
20,16283
21,15802
22,14943
23,13999
24,13258
1,12918
2,12608
3,12573
4,12637
5,13322
6,14819
7,16131
8,16175
9,15872
10,15613
11,15208
12,15169
13,15257
14,15352
15,15633
16,15869
17,16235
18,16635
19,17149
20,16748
21,15971
22,14894
23,14076
24,13068
1,12464
2,12119
3,11970
4,12154
5,12668
6,14154
7,15572
8,15618
9,15337
10,15147
11,15154
12,15188
13,15305
14,15391
15,15684
16,16117
17,16607
18,16911
19,17049
20,16608
21,15895
22,14881
23,13804
24,13132
1,12762
2,12406
3,12203
4,12214
5,12961
6,14451
7,15896
8,15923
9,15872
10,15935
11,16190
12,16013
13,15870
14,15823
15,15954
16,16333
17,16666
18,16908
19,17076
20,16734
21,16069
22,14943
23,13867
24,13088
1,12660
2,12484
3,12273
4,12291
5,12974
6,14496
7,15934
8,16189
9,15873
10,15500
11,15129
12,14857
13,14874
14,14826
15,14961
16,15520
17,16061
18,16710
19,17164
20,16750
21,16073
22,15079
23,14003
24,13124
1,12765
2,12559
3,12496
4,12675
5,13390
6,14843
7,16264
8,16162
9,15722
10,15384
11,15018
12,14830
13,14816
14,14565
15,14547
16,15211
17,15765
18,16531
19,16976
20,16584
21,15822
22,14967
23,13974
24,13082
1,12564
2,12286
3,12063
4,11968
5,12227
6,12802
7,13575
8,13959
9,14531
10,14919
11,15001
12,15163
13,15019
14,14967
15,14934
16,15115
17,15456
18,15724
19,15629
20,15109
21,14618
22,13955
23,12944
24,12149
1,11613
2,11319
3,11224
4,11128
5,11313
6,11671
7,12473
8,13022
9,13700
10,13705
11,13829
12,13618
13,13348
14,13248
15,13250
16,13788
17,14821
18,15665
19,16077
20,15688
21,15084
22,14195
23,13313
24,12650
1,12290
2,12223
3,12215
4,12442
5,13120
6,14610
7,16274
8,16188
9,15676
10,15405
11,15059
12,14995
13,14877
14,14967
15,15207
16,15687
17,16330
18,17171
19,17607
20,17038
21,16386
22,15442
23,14164
24,13322
1,12999
2,12705
3,12815
4,12853
5,13481
6,14909
7,16393
8,16495
9,16150
10,15803
11,15391
12,15047
13,14943
14,14903
15,15090
16,15708
17,16450
18,17174
19,17360
20,17075
21,16428
22,15204
23,13993
24,13206
1,12609
2,12331
3,12191
4,12301
5,12874
6,14373
7,15931
8,16553
9,16662
10,17034
11,16999
12,16941
13,16815
14,16743
15,16708
16,17181
17,17529
18,17667
19,17586
20,16971
21,16172
22,15101
23,13916
24,13205
1,12687
2,12326
3,12083
4,12199
5,12687
6,14197
7,15654
8,15922
9,15721
10,15576
11,15266
12,15194
13,15116
14,15286
15,15740
16,16393
17,16896
18,17299
19,17392
20,17000
21,16237
22,15343
23,14142
24,13270
1,12792
2,12619
3,12757
4,12716
5,13415
6,14796
7,16361
8,16577
9,16019
10,15793
11,15554
12,15301
13,15028
14,14790
15,14865
16,15163
17,15715
18,16677
19,17078
20,16752
21,16216
22,15400
23,14199
24,13372
1,12842
2,12489
3,12329
4,12338
5,12605
6,13235
7,13974
8,14655
9,15181
10,15513
11,15553
12,15187
13,14932
14,14768
15,14822
16,15430
17,15898
18,15658
19,15262
20,14868
21,14458
22,13875
23,13165
24,12358
1,11909
2,11635
3,11530
4,11338
5,11361
6,11524
7,11966
8,12663
9,13097
10,13298
11,13446
12,13732
13,13753
14,13574
15,13727
16,14128
17,15096
18,16179
19,16144
20,15829
21,15394
22,14634
23,13895
24,13041
1,12478
2,12053
3,11980
4,11896
5,12177
6,13031
7,14485
8,15511
9,15511
10,15159
11,15001
12,14864
13,14856
14,15063
15,15208
16,15490
17,16183
18,17115
19,17262
20,16955
21,16631
22,15773
23,14660
24,13397
1,12639
2,12232
3,12052
4,11905
5,12009
6,12854
7,14167
8,15158
9,15245
10,14942
11,14916
12,14944
13,14959
14,15041
15,15037
16,15367
17,16293
18,17185
19,17401
20,17193
21,16713
22,15863
23,14667
24,13516
1,12697
2,12309
3,12105
4,12098
5,12287
6,12839
7,14299
8,15415
9,15177
10,14774
11,14812
12,14779
13,14788
14,14932
15,15186
16,15592
17,16417
18,17338
19,17322
20,16955
21,16538
22,15851
23,14819
24,13623
1,12697
2,12293
3,11995
4,11961
5,12043
6,12638
7,14014
8,15386
9,15530
10,15366
11,15246
12,15202
13,15179
14,15286
15,15325
16,15562
17,16220
18,16994
19,17050
20,16735
21,16288
22,15556
23,14355
24,13183
1,12457
2,12041
3,11692
4,11638
5,11700
6,12283
7,13578
8,15038
9,15444
10,15469
11,15448
12,15404
13,15273
14,15022
15,15043
16,15102
17,15842
18,16514
19,16461
20,16307
21,16048
22,15529
23,14510
24,13497
1,12717
2,12120
3,11792
4,11644
5,11523
6,11789
7,12442
8,12991
9,13365
10,13357
11,13453
12,13589
13,13686
14,13800
15,13911
16,14178
17,14767
18,15861
19,15914
20,15267
21,14874
22,14427
23,13712
24,12906
1,12278
2,11976
3,11694
4,11541
5,11554
6,11854
7,12393
8,12687
9,12769
10,12915
11,12854
12,12917
13,12940
14,12899
15,12964
16,13646
17,14937
18,16237
19,16378
20,15840
21,15465
22,14864
23,14028
24,13098
1,12482
2,12104
3,11977
4,12100
5,12360
6,13104
7,14491
8,15545
9,15268
10,14864
11,14777
12,14666
13,14498
14,14512
15,14629
16,15107
17,16204
18,17506
19,17632
20,17208
21,16921
22,16178
23,15101
24,13903
1,13141
2,12742
3,12560
4,12546
5,12693
6,13331
7,14608
8,15866
9,15988
10,15824
11,15957
12,16082
13,15907
14,16052
15,16210
16,16403
17,17161
18,17956
19,17724
20,17495
21,17039
22,16226
23,15083
24,13862
1,13113
2,12652
3,12367
4,12254
5,12275
6,12774
7,14247
8,15479
9,15830
10,15757
11,15572
12,15427
13,15322
14,15499
15,15369
16,15576
17,16526
18,17267
19,17280
20,17174
21,16771
22,15807
23,14598
24,13392
1,12601
2,12293
3,12044
4,11954
5,11942
6,12703
7,14004
8,15403
9,15786
10,15908
11,16326
12,16250
13,16322
14,16368
15,16356
16,16539
17,17070
18,17842
19,17375
20,17157
21,16773
22,16085
23,14999
24,13864
1,12766
2,12331
3,12039
4,11991
5,11986
6,12736
7,14110
8,15410
9,15793
10,16068
11,16041
12,15910
13,15859
14,15749
15,15835
16,15937
17,16559
18,17307
19,17035
20,16869
21,16495
22,15874
23,14818
24,13897
1,13156
2,12741
3,12464
4,12364
5,12374
6,12583
7,13078
8,13900
9,14721
10,14905
11,15008
12,15214
13,15067
14,14839
15,14677
16,14903
17,15742
18,16720
19,16441
20,15912
21,15432
22,14820
23,14103
24,13236
1,12479
2,11960
3,11736
4,11545
5,11545
6,11696
7,12053
8,12478
9,12818
10,13204
11,13341
12,13388
13,13324
14,13446
15,13525
16,13926
17,15042
18,16363
19,16338
20,16006
21,15527
22,14896
23,13997
24,13122
1,12361
2,11963
3,11816
4,11809
5,12065
6,12951
7,14579
8,15663
9,15617
10,15070
11,14802
12,14729
13,14806
14,14828
15,14941
16,15397
17,16571
18,17687
19,17620
20,17438
21,17040
22,16054
23,14909
24,13722
1,12860
2,12446
3,12293
4,12269
5,12384
6,13097
7,14560
8,15608
9,15609
10,15254
11,15152
12,15095
13,14791
14,14867
15,15016
16,15518
17,16685
18,17919
19,17492
20,17318
21,16945
22,16245
23,15008
24,13813
1,12970
2,12473
3,12233
4,12105
5,12209
6,12830
7,14235
8,15502
9,15572
10,15269
11,15288
12,15317
13,15369
14,15581
15,15608
16,15902
17,16743
18,17745
19,17288
20,17005
21,16529
22,15785
23,14683
24,13511
1,12580
2,12091
3,11810
4,11695
5,11748
6,12271
7,13717
8,15164
9,15313
10,15245
11,15123
12,15039
13,14952
14,15140
15,15276
16,15462
17,16279
18,17267
19,17161
20,16933
21,16633
22,15942
23,14839
24,13738
1,12786
2,12423
3,12142
4,12082
5,12232
6,12845
7,14361
8,15644
9,15484
10,15105
11,15036
12,15100
13,14956
14,15001
15,15102
16,15513
17,16515
18,17623
19,17480
20,17155
21,16869
22,16460
23,15440
24,14233
1,13274
2,12797
3,12616
4,12509
5,12379
6,12633
7,13330
8,14127
9,14738
10,15318
11,15528
12,15701
13,15776
14,15742
15,15557
16,15720
17,16448
18,17219
19,16885
20,16397
21,15884
22,15366
23,14511
24,13569
1,12849
2,12259
3,12000
4,11933
5,12069
6,12213
7,12656
8,13185
9,13810
10,14179
11,14308
12,14496
13,14578
14,14660
15,14808
16,15352
17,16409
18,17737
19,17432
20,17229
21,16819
22,16363
23,15517
24,14539
1,13764
2,13329
3,13007
4,13084
5,13342
6,14022
7,15440
8,16828
9,16782
10,16579
11,16434
12,16437
13,16235
14,16235
15,16442
16,16908
17,17968
18,19239
19,18839
20,18609
21,18179
22,17436
23,16212
24,15030
1,14222
2,13819
3,13595
4,13453
5,13515
6,14210
7,15551
8,16914
9,17062
10,16830
11,16904
12,16901
13,16630
14,16571
15,16730
16,16912
17,17882
18,18828
19,18712
20,18500
21,18162
22,17396
23,16287
24,15123
1,14178
2,13724
3,13418
4,13356
5,13451
6,13963
7,15461
8,16784
9,16785
10,16536
11,16306
12,15979
13,15706
14,15506
15,15539
16,16012
17,17029
18,18138
19,18017
20,17768
21,17442
22,16621
23,15529
24,14271
1,13242
2,12810
3,12516
4,12426
5,12523
6,13177
7,14592
8,16046
9,16287
10,16087
11,16077
12,16003
13,16112
14,16111
15,16056
16,16161
17,16958
18,17769
19,17563
20,17275
21,17037
22,16349
23,15094
24,13890
1,13014
2,12501
3,12210
4,12119
5,12097
6,12590
7,14156
8,15552
9,16158
10,16180
11,16102
12,16385
13,16382
14,16379
15,16336
16,16403
17,17224
18,17601
19,17319
20,17134
21,16849
22,16328
23,15654
24,14594
1,13692
2,13192
3,12715
4,12635
5,12609
6,12962
7,13587
8,14422
9,15295
10,15884
11,15863
12,15926
13,15603
14,15250
15,15017
16,15387
17,16242
18,17435
19,17378
20,17026
21,16711
22,16217
23,15523
24,14500
1,13771
2,13308
3,13021
4,12856
5,12827
6,13097
7,13498
8,14077
9,14563
10,14895
11,15042
12,15058
13,15143
14,15176
15,15385
16,15913
17,17015
18,18254
19,17944
20,17570
21,17231
22,16510
23,15567
24,14491
1,13755
2,13426
3,13247
4,13321
5,13535
6,14070
7,15593
8,16908
9,17311
10,17196
11,17179
12,16802
13,16685
14,16660
15,16570
16,16920
17,17840
18,19119
19,18846
20,18602
21,18300
22,17572
23,16237
24,15122
1,14158
2,13718
3,13557
4,13380
5,13486
6,14213
7,15435
8,16936
9,17296
10,17167
11,17221
12,17341
13,17351
14,17465
15,17468
16,17672
17,18433
18,19161
19,18588
20,18189
21,17888
22,17096
23,15902
24,14683
1,13710
2,13277
3,13036
4,13030
5,13180
6,13904
7,15352
8,16719
9,16762
10,16585
11,16462
12,16394
13,16328
14,16320
15,16465
16,16742
17,17744
18,18832
19,18422
20,18390
21,18147
22,17477
23,16230
24,14896
1,13967
2,13554
3,13221
4,13109
5,13290
6,13812
7,15265
8,16671
9,16861
10,16686
11,16468
12,16379
13,16144
14,16217
15,16304
16,16688
17,17735
18,18783
19,18582
20,18356
21,17907
22,17111
23,15881
24,14819
1,13725
2,13137
3,12845
4,12729
5,12904
6,13676
7,14993
8,16467
9,17082
10,17005
11,16963
12,16827
13,16836
14,16734
15,16713
16,16988
17,17616
18,18276
19,18071
20,17620
21,17308
22,16676
23,15758
24,14537
1,13505
2,12949
3,12705
4,12599
5,12548
6,12828
7,13429
8,14299
9,14970
10,15415
11,15427
12,15367
13,15094
14,14697
15,14696
16,14972
17,15804
18,17021
19,16935
20,16553
21,16199
22,15728
23,14944
24,13965
1,13207
2,12676
3,12380
4,12309
5,12363
6,12496
7,12862
8,13421
9,14055
10,14753
11,14921
12,14843
13,14816
14,14551
15,14500
16,14778
17,15985
18,17547
19,17508
20,17030
21,16686
22,16123
23,15282
24,14204
1,13519
2,13106
3,12854
4,12784
5,12955
6,13733
7,15137
8,16627
9,17142
10,16911
11,17140
12,17226
13,17015
14,16935
15,16833
16,17187
17,18152
18,19064
19,18788
20,18512
21,18216
22,17535
23,16325
24,14939
1,13985
2,13459
3,13290
4,13084
5,13191
6,13795
7,15193
8,16653
9,16931
10,16844
11,16871
12,16721
13,16498
14,16589
15,16710
16,17191
17,18276
18,18970
19,18781
20,18469
21,18009
22,17336
23,16157
24,14751
1,13817
2,13182
3,12814
4,12628
5,12785
6,13504
7,14913
8,16296
9,16372
10,16055
11,15682
12,15494
13,15312
14,15643
15,15894
16,16353
17,17514
18,18257
19,17972
20,17899
21,17541
22,16875
23,15577
24,14205
1,13337
2,12916
3,12540
4,12516
5,12539
6,12917
7,14301
8,16174
9,16244
10,15995
11,15967
12,15988
13,15814
14,15828
15,15964
16,16204
17,17059
18,17906
19,17736
20,17614
21,17305
22,16468
23,15261
24,13881
1,12837
2,12205
3,11940
4,11868
5,11960
6,12642
7,14172
8,15734
9,15804
10,15333
11,15024
12,15126
13,15146
14,15316
15,15598
16,15912
17,16727
18,17713
19,17550
20,17325
21,17051
22,16474
23,15513
24,14333
1,13352
2,12695
3,12336
4,12173
5,12137
6,12350
7,13029
8,13965
9,14707
10,15245
11,15479
12,15620
13,15545
14,15519
15,15655
16,15848
17,16570
18,17229
19,16809
20,16396
21,15937
22,15493
23,14713
24,13713
1,12798
2,12300
3,11964
4,11743
5,11723
6,11910
7,12313
8,13110
9,13755
10,14367
11,14926
12,15114
13,15301
14,15351
15,15559
16,15886
17,16925
18,17648
19,17107
20,16709
21,16324
22,15834
23,14780
24,13829
1,12937
2,12352
3,12162
4,12071
5,12203
6,12992
7,14348
8,15900
9,16272
10,16138
11,16249
12,16329
13,16302
14,16195
15,16285
16,16399
17,17517
18,18335
19,17942
20,17635
21,17420
22,16661
23,15436
24,14022
1,13128
2,12603
3,12257
4,12107
5,12199
6,12939
7,14428
8,16012
9,16275
10,16251
11,16344
12,16483
13,16425
14,16591
15,16754
16,16851
17,17875
18,18909
19,18862
20,18544
21,18283
22,17585
23,16464
24,15069
1,14041
2,13629
3,13359
4,13335
5,13439
6,14069
7,15459
8,16749
9,16932
10,16795
11,17208
12,17230
13,17149
14,17288
15,17278
16,17266
17,18037
18,18901
19,18627
20,18567
21,18130
22,17484
23,16170
24,14874
1,13679
2,13171
3,12826
4,12830
5,12745
6,13352
7,14769
8,16395
9,16694
10,16679
11,16531
12,16366
13,16240
14,16209
15,16284
16,16514
17,17484
18,18500
19,18424
20,18235
21,17742
22,17280
23,16279
24,14845
1,13806
2,13225
3,12957
4,13036
5,13266
6,13883
7,15185
8,16677
9,17142
10,16993
11,16868
12,16817
13,16573
14,16463
15,16619
16,16725
17,17645
18,18550
19,18395
20,18109
21,17753
22,17256
23,16089
24,14857
1,13967
2,13460
3,13151
4,12997
5,13022
6,13425
7,13984
8,14914
9,15684
10,15985
11,16220
12,16335
13,16402
14,16453
15,16483
16,16472
17,17407
18,18231
19,17887
20,17477
21,16974
22,16529
23,15708
24,14844
1,14021
2,13531
3,13263
4,13157
5,13089
6,13217
7,13629
8,14235
9,14746
10,14967
11,14891
12,14775
13,14984
14,15064
15,15179
16,15618
17,16453
18,17815
19,17605
20,17249
21,16861
22,16302
23,15300
24,14273
1,13422
2,12964
3,12717
4,12646
5,12721
6,13544
7,14609
8,15702
9,16341
10,16708
11,17026
12,17243
13,17036
14,17079
15,17013
16,17167
17,17790
18,18527
19,18234
20,17984
21,17597
22,16962
23,15750
24,14530
1,13565
2,12961
3,12649
4,12557
5,12612
6,13192
7,14230
8,15595
9,16179
10,16498
11,16716
12,16703
13,16708
14,16504
15,16328
16,16249
17,17248
18,17991
19,17844
20,17689
21,17438
22,16922
23,15839
24,14620
1,13591
2,12838
3,12471
4,12292
5,12308
6,12935
7,13908
8,15134
9,15571
10,15919
11,16009
12,15998
13,15851
14,15709
15,15631
16,15635
17,16401
18,17366
19,17205
20,17010
21,16753
22,16086
23,14825
24,13552
1,12402
2,11739
3,11307
4,11215
5,11178
6,11522
7,12098
8,13001
9,13486
10,13615
11,13366
12,13102
13,12838
14,12689
15,12896
16,13453
17,14432
18,15805
19,15345
20,14828
21,14530
22,14151
23,13547
24,12800
1,12083
2,11425
3,11041
4,10811
5,10831
6,11062
7,11528
8,12175
9,12922
10,13390
11,13430
12,13337
13,13184
14,13124
15,13199
16,13382
17,14075
18,14855
19,14393
20,14040
21,13987
22,13816
23,13322
24,12530
1,11952
2,11337
3,11046
4,10951
5,10957
6,11188
7,11705
8,12401
9,12842
10,13071
11,13060
12,13244
13,13398
14,13727
15,14053
16,14299
17,15077
18,15958
19,15547
20,15337
21,15552
22,15166
23,14483
24,13504
1,12669
2,12303
3,12030
4,11823
5,11880
6,11825
7,12099
8,12687
9,13134
10,13911
11,14502
12,14862
13,14925
14,14868
15,14685
16,14684
17,15521
18,16533
19,16345
20,16176
21,15800
22,15299
23,14798
24,13930
1,13158
2,12656
3,12380
4,12357
5,12438
6,12802
7,13520
8,14279
9,14668
10,15169
11,15603
12,15876
13,15920
14,16024
15,16225
16,16470
17,17404
18,18412
19,18258
20,18066
21,17787
22,17069
23,16004
24,14968
1,14177
2,13709
3,13343
4,13207
5,13337
6,13729
7,14376
8,15220
9,15769
10,16203
11,16484
12,16562
13,16418
14,16384
15,16351
16,16447
17,17022
18,18079
19,17924
20,17656
21,17275
22,16596
23,15545
24,14645
1,13749
2,13161
3,12932
4,12902
5,12964
6,13364
7,14213
8,15237
9,15716
10,16157
11,16360
12,16457
13,16346
14,16322
15,16406
16,16589
17,17370
18,18182
19,17878
20,17579
21,17243
22,16564
23,15530
24,14519
1,13605
2,13018
3,12728
4,12584
5,12608
6,12921
7,13655
8,14543
9,15081
10,15587
11,15929
12,15913
13,15820
14,15690
15,15614
16,15790
17,16399
18,17219
19,16987
20,16486
21,15801
22,15048
23,14465
24,13892
